Year,SDG Series,Sex,Age,Degree of urbanisation,Income or wealth quantile,Education level,Value
2011,Proportion of adults (15 years and older) with an account at a financial institution or mobile-money-service provider [8.10.2],,15 years old and over,,,,42.3434555530548
2014,Proportion of adults (15 years and older) with an account at a financial institution or mobile-money-service provider [8.10.2],,15 years old and over,,,,74.6578335762024
2017,Proportion of adults (15 years and older) with an account at a financial institution or mobile-money-service provider [8.10.2],,15 years old and over,,,,81.5675675868988
2021,Proportion of adults (15 years and older) with an account at a financial institution or mobile-money-service provider [8.10.2],,15 years old and over,,,,79.1951596736908
2011,Proportion of adults (15 years and older) with an account at a financial institution or mobile-money-service provider [8.10.2],,15 years old and over,,,Primary education or less,19.4357648491859
2014,Proportion of adults (15 years and older) with an account at a financial institution or mobile-money-service provider [8.10.2],,15 years old and over,,,Primary education or less,64.1663789749146
2017,Proportion of adults (15 years and older) with an account at a financial institution or mobile-money-service provider [8.10.2],,15 years old and over,,,Primary education or less,67.4084961414337
2021,Proportion of adults (15 years and older) with an account at a financial institution or mobile-money-service provider [8.10.2],,15 years old and over,,,Primary education or less,61.017245054245
2011,Proportion of adults (15 years and older) with an account at a financial institution or mobile-money-service provider [8.10.2],,15 years old and over,,,Secondary education or above,62.8216922283173
2014,Proportion of adults (15 years and older) with an account at a financial institution or mobile-money-service provider [8.10.2],,15 years old and over,,,Secondary education or above,85.7294201850891
2017,Proportion of adults (15 years and older) with an account at a financial institution or mobile-money-service provider [8.10.2],,15 years old and over,,,Secondary education or above,91.5533721446991
2021,Proportion of adults (15 years and older) with an account at a financial institution or mobile-money-service provider [8.10.2],,15 years old and over,,,Secondary education or above,88.2125496864319
2011,Proportion of adults (15 years and older) with an account at a financial institution or mobile-money-service provider [8.10.2],,15 years old and over,,Bottom 40%,,19.4351524114609
2014,Proportion of adults (15 years and older) with an account at a financial institution or mobile-money-service provider [8.10.2],,15 years old and over,,Bottom 40%,,63.1689012050629
2017,Proportion of adults (15 years and older) with an account at a financial institution or mobile-money-service provider [8.10.2],,15 years old and over,,Bottom 40%,,70.4534828662872
2021,Proportion of adults (15 years and older) with an account at a financial institution or mobile-money-service provider [8.10.2],,15 years old and over,,Bottom 40%,,67.4495100975037
2011,Proportion of adults (15 years and older) with an account at a financial institution or mobile-money-service provider [8.10.2],,15 years old and over,,Richest 60%,,57.5335383415222
2014,Proportion of adults (15 years and older) with an account at a financial institution or mobile-money-service provider [8.10.2],,15 years old and over,,Richest 60%,,82.2842955589294
2017,Proportion of adults (15 years and older) with an account at a financial institution or mobile-money-service provider [8.10.2],,15 years old and over,,Richest 60%,,88.9394879341125
2021,Proportion of adults (15 years and older) with an account at a financial institution or mobile-money-service provider [8.10.2],,15 years old and over,,Richest 60%,,87.0200157165527
2021,Proportion of adults (15 years and older) with an account at a financial institution or mobile-money-service provider [8.10.2],,15 years old and over,Rural,,,74.992972612381
2021,Proportion of adults (15 years and older) with an account at a financial institution or mobile-money-service provider [8.10.2],,15 years old and over,Urban,,,89.4493639469147
2011,Proportion of adults (15 years and older) with an account at a financial institution or mobile-money-service provider [8.10.2],,25 years old and over,,,,43.5345768928528
2014,Proportion of adults (15 years and older) with an account at a financial institution or mobile-money-service provider [8.10.2],,25 years old and over,,,,78.8519501686096
2017,Proportion of adults (15 years and older) with an account at a financial institution or mobile-money-service provider [8.10.2],,25 years old and over,,,,84.1128945350647
2021,Proportion of adults (15 years and older) with an account at a financial institution or mobile-money-service provider [8.10.2],,25 years old and over,,,,79.5015215873718
2011,Proportion of adults (15 years and older) with an account at a financial institution or mobile-money-service provider [8.10.2],,15 to 24 years old,,,,40.2718544006348
2014,Proportion of adults (15 years and older) with an account at a financial institution or mobile-money-service provider [8.10.2],,15 to 24 years old,,,,66.3569986820221
2017,Proportion of adults (15 years and older) with an account at a financial institution or mobile-money-service provider [8.10.2],,15 to 24 years old,,,,76.0208904743195
2021,Proportion of adults (15 years and older) with an account at a financial institution or mobile-money-service provider [8.10.2],,15 to 24 years old,,,,78.9132237434387
2011,Proportion of adults (15 years and older) with an account at a financial institution or mobile-money-service provider [8.10.2],Female,15 years old and over,,,,39.1788065433502
2014,Proportion of adults (15 years and older) with an account at a financial institution or mobile-money-service provider [8.10.2],Female,15 years old and over,,,,71.134477853775
2017,Proportion of adults (15 years and older) with an account at a financial institution or mobile-money-service provider [8.10.2],Female,15 years old and over,,,,77.7463674545288
2021,Proportion of adults (15 years and older) with an account at a financial institution or mobile-money-service provider [8.10.2],Female,15 years old and over,,,,75.3574311733246
2011,Proportion of adults (15 years and older) with an account at a financial institution or mobile-money-service provider [8.10.2],Male,15 years old and over,,,,45.6456422805786
2014,Proportion of adults (15 years and older) with an account at a financial institution or mobile-money-service provider [8.10.2],Male,15 years old and over,,,,78.6579012870789
2017,Proportion of adults (15 years and older) with an account at a financial institution or mobile-money-service provider [8.10.2],Male,15 years old and over,,,,85.8360946178436
2021,Proportion of adults (15 years and older) with an account at a financial institution or mobile-money-service provider [8.10.2],Male,15 years old and over,,,,83.2449972629547
2014,Proportion of adults (15 years and older) active in labor force with an account at a financial institution or mobile-money-service provider [8.10.2],,15 years old and over,,,,77.52531
2017,Proportion of adults (15 years and older) active in labor force with an account at a financial institution or mobile-money-service provider [8.10.2],,15 years old and over,,,,86.87199
2021,Proportion of adults (15 years and older) active in labor force with an account at a financial institution or mobile-money-service provider [8.10.2],,15 years old and over,,,,84.26619
2014,Proportion of adults (15 years and older) out of labor force with an account at a financial institution or mobile-money-service provider [8.10.2],,15 years old and over,,,,61.55646
2017,Proportion of adults (15 years and older) out of labor force with an account at a financial institution or mobile-money-service provider [8.10.2],,15 years old and over,,,,58.67352
2021,Proportion of adults (15 years and older) out of labor force with an account at a financial institution or mobile-money-service provider [8.10.2],,15 years old and over,,,,57.50208
