Year,NATURE,COMMENT_OBS,SOURCE_DETAIL,SDG Series,Custom Breakdown,Nature of data points,Observation-level footnotes,Source details,Label for custom breakdown,Value
2011,G,Third quarter of the specified year.,"World Development Indicators database, World Bank.",Average remittance costs of sending $200 to a receiving country as a proportion of the amount remitted [10.c.1],,Global monitoring data,Third quarter of the specified year.,"World Development Indicators database, World Bank.",,13.1
2015,G,Third quarter of the specified year.,"World Development Indicators database, World Bank.",Average remittance costs of sending $200 to a receiving country as a proportion of the amount remitted [10.c.1],,Global monitoring data,Third quarter of the specified year.,"World Development Indicators database, World Bank.",,8.83
2017,G,Third quarter of the specified year.,"World Development Indicators database, World Bank.",Average remittance costs of sending $200 to a receiving country as a proportion of the amount remitted [10.c.1],,Global monitoring data,Third quarter of the specified year.,"World Development Indicators database, World Bank.",,7.93
2018,G,Third quarter of the specified year.,"World Development Indicators database, World Bank.",Average remittance costs of sending $200 to a receiving country as a proportion of the amount remitted [10.c.1],,Global monitoring data,Third quarter of the specified year.,"World Development Indicators database, World Bank.",,8.36
2019,G,Third quarter of the specified year.,"World Development Indicators database, World Bank.",Average remittance costs of sending $200 to a receiving country as a proportion of the amount remitted [10.c.1],,Global monitoring data,Third quarter of the specified year.,"World Development Indicators database, World Bank.",,7.68
2020,G,Third quarter of the specified year.,"World Development Indicators database, World Bank.",Average remittance costs of sending $200 to a receiving country as a proportion of the amount remitted [10.c.1],,Global monitoring data,Third quarter of the specified year.,"World Development Indicators database, World Bank.",,8.45
2021,G,Third quarter of the specified year.,"World Development Indicators database, World Bank.",Average remittance costs of sending $200 to a receiving country as a proportion of the amount remitted [10.c.1],,Global monitoring data,Third quarter of the specified year.,"World Development Indicators database, World Bank.",,9.24
2022,G,Third quarter of the specified year.,"World Development Indicators database, World Bank.",Average remittance costs of sending $200 to a receiving country as a proportion of the amount remitted [10.c.1],,Global monitoring data,Third quarter of the specified year.,"World Development Indicators database, World Bank.",,7.47
2023,G,Third quarter of the specified year.,"World Development Indicators database, World Bank.",Average remittance costs of sending $200 to a receiving country as a proportion of the amount remitted [10.c.1],,Global monitoring data,Third quarter of the specified year.,"World Development Indicators database, World Bank.",,8.75
2016,G,Third quarter of the specified year,"Remittance Prices Worldwide database, World Bank.",Average remittance costs of sending $200 in a corridor as a proportion of the amount remitted [10.c.1],Custom code 646,Global monitoring data,Third quarter of the specified year,"Remittance Prices Worldwide database, World Bank.",Rwanda,10.55
2017,G,Third quarter of the specified year,"Remittance Prices Worldwide database, World Bank.",Average remittance costs of sending $200 in a corridor as a proportion of the amount remitted [10.c.1],Custom code 646,Global monitoring data,Third quarter of the specified year,"Remittance Prices Worldwide database, World Bank.",Rwanda,7.06
2018,G,Third quarter of the specified year,"Remittance Prices Worldwide database, World Bank.",Average remittance costs of sending $200 in a corridor as a proportion of the amount remitted [10.c.1],Custom code 646,Global monitoring data,Third quarter of the specified year,"Remittance Prices Worldwide database, World Bank.",Rwanda,11.56
2019,G,Third quarter of the specified year,"Remittance Prices Worldwide database, World Bank.",Average remittance costs of sending $200 in a corridor as a proportion of the amount remitted [10.c.1],Custom code 646,Global monitoring data,Third quarter of the specified year,"Remittance Prices Worldwide database, World Bank.",Rwanda,11.15
2020,G,Third quarter of the specified year,"Remittance Prices Worldwide database, World Bank.",Average remittance costs of sending $200 in a corridor as a proportion of the amount remitted [10.c.1],Custom code 646,Global monitoring data,Third quarter of the specified year,"Remittance Prices Worldwide database, World Bank.",Rwanda,8.27
2021,G,Third quarter of the specified year,"Remittance Prices Worldwide database, World Bank.",Average remittance costs of sending $200 in a corridor as a proportion of the amount remitted [10.c.1],Custom code 646,Global monitoring data,Third quarter of the specified year,"Remittance Prices Worldwide database, World Bank.",Rwanda,5.53
2022,G,Third quarter of the specified year,"Remittance Prices Worldwide database, World Bank.",Average remittance costs of sending $200 in a corridor as a proportion of the amount remitted [10.c.1],Custom code 646,Global monitoring data,Third quarter of the specified year,"Remittance Prices Worldwide database, World Bank.",Rwanda,8.62
2023,G,Third quarter of the specified year,"Remittance Prices Worldwide database, World Bank.",Average remittance costs of sending $200 in a corridor as a proportion of the amount remitted [10.c.1],Custom code 646,Global monitoring data,Third quarter of the specified year,"Remittance Prices Worldwide database, World Bank.",Rwanda,7.66
2016,G,Third quarter of the specified year,"Remittance Prices Worldwide database, World Bank.",Average remittance costs of sending $200 in a corridor as a proportion of the amount remitted [10.c.1],Custom code 728,Global monitoring data,Third quarter of the specified year,"Remittance Prices Worldwide database, World Bank.",South Sudan,10.51
2017,G,Third quarter of the specified year,"Remittance Prices Worldwide database, World Bank.",Average remittance costs of sending $200 in a corridor as a proportion of the amount remitted [10.c.1],Custom code 728,Global monitoring data,Third quarter of the specified year,"Remittance Prices Worldwide database, World Bank.",South Sudan,10.97
2018,G,Third quarter of the specified year,"Remittance Prices Worldwide database, World Bank.",Average remittance costs of sending $200 in a corridor as a proportion of the amount remitted [10.c.1],Custom code 728,Global monitoring data,Third quarter of the specified year,"Remittance Prices Worldwide database, World Bank.",South Sudan,12.05
2019,G,Third quarter of the specified year,"Remittance Prices Worldwide database, World Bank.",Average remittance costs of sending $200 in a corridor as a proportion of the amount remitted [10.c.1],Custom code 728,Global monitoring data,Third quarter of the specified year,"Remittance Prices Worldwide database, World Bank.",South Sudan,12.27
2020,G,Third quarter of the specified year,"Remittance Prices Worldwide database, World Bank.",Average remittance costs of sending $200 in a corridor as a proportion of the amount remitted [10.c.1],Custom code 728,Global monitoring data,Third quarter of the specified year,"Remittance Prices Worldwide database, World Bank.",South Sudan,10.70
2021,G,Third quarter of the specified year,"Remittance Prices Worldwide database, World Bank.",Average remittance costs of sending $200 in a corridor as a proportion of the amount remitted [10.c.1],Custom code 728,Global monitoring data,Third quarter of the specified year,"Remittance Prices Worldwide database, World Bank.",South Sudan,9.91
2022,G,Third quarter of the specified year,"Remittance Prices Worldwide database, World Bank.",Average remittance costs of sending $200 in a corridor as a proportion of the amount remitted [10.c.1],Custom code 728,Global monitoring data,Third quarter of the specified year,"Remittance Prices Worldwide database, World Bank.",South Sudan,13.55
2023,G,Third quarter of the specified year,"Remittance Prices Worldwide database, World Bank.",Average remittance costs of sending $200 in a corridor as a proportion of the amount remitted [10.c.1],Custom code 728,Global monitoring data,Third quarter of the specified year,"Remittance Prices Worldwide database, World Bank.",South Sudan,10.91
2016,G,Third quarter of the specified year,"Remittance Prices Worldwide database, World Bank.",Average remittance costs of sending $200 in a corridor as a proportion of the amount remitted [10.c.1],Custom code 800,Global monitoring data,Third quarter of the specified year,"Remittance Prices Worldwide database, World Bank.",Uganda,10.03
2017,G,Third quarter of the specified year,"Remittance Prices Worldwide database, World Bank.",Average remittance costs of sending $200 in a corridor as a proportion of the amount remitted [10.c.1],Custom code 800,Global monitoring data,Third quarter of the specified year,"Remittance Prices Worldwide database, World Bank.",Uganda,9.39
2018,G,Third quarter of the specified year,"Remittance Prices Worldwide database, World Bank.",Average remittance costs of sending $200 in a corridor as a proportion of the amount remitted [10.c.1],Custom code 800,Global monitoring data,Third quarter of the specified year,"Remittance Prices Worldwide database, World Bank.",Uganda,10.67
2019,G,Third quarter of the specified year,"Remittance Prices Worldwide database, World Bank.",Average remittance costs of sending $200 in a corridor as a proportion of the amount remitted [10.c.1],Custom code 800,Global monitoring data,Third quarter of the specified year,"Remittance Prices Worldwide database, World Bank.",Uganda,11.05
2020,G,Third quarter of the specified year,"Remittance Prices Worldwide database, World Bank.",Average remittance costs of sending $200 in a corridor as a proportion of the amount remitted [10.c.1],Custom code 800,Global monitoring data,Third quarter of the specified year,"Remittance Prices Worldwide database, World Bank.",Uganda,9.37
2021,G,Third quarter of the specified year,"Remittance Prices Worldwide database, World Bank.",Average remittance costs of sending $200 in a corridor as a proportion of the amount remitted [10.c.1],Custom code 800,Global monitoring data,Third quarter of the specified year,"Remittance Prices Worldwide database, World Bank.",Uganda,9.64
2022,G,Third quarter of the specified year,"Remittance Prices Worldwide database, World Bank.",Average remittance costs of sending $200 in a corridor as a proportion of the amount remitted [10.c.1],Custom code 800,Global monitoring data,Third quarter of the specified year,"Remittance Prices Worldwide database, World Bank.",Uganda,13.62
2023,G,Third quarter of the specified year,"Remittance Prices Worldwide database, World Bank.",Average remittance costs of sending $200 in a corridor as a proportion of the amount remitted [10.c.1],Custom code 800,Global monitoring data,Third quarter of the specified year,"Remittance Prices Worldwide database, World Bank.",Uganda,10.25
2016,G,Third quarter of the specified year,"Remittance Prices Worldwide database, World Bank.",Average remittance costs of sending $200 in a corridor as a proportion of the amount remitted [10.c.1],Custom code 834,Global monitoring data,Third quarter of the specified year,"Remittance Prices Worldwide database, World Bank.",United Republic of Tanzania,10.03
2017,G,Third quarter of the specified year,"Remittance Prices Worldwide database, World Bank.",Average remittance costs of sending $200 in a corridor as a proportion of the amount remitted [10.c.1],Custom code 834,Global monitoring data,Third quarter of the specified year,"Remittance Prices Worldwide database, World Bank.",United Republic of Tanzania,9.39
2018,G,Third quarter of the specified year,"Remittance Prices Worldwide database, World Bank.",Average remittance costs of sending $200 in a corridor as a proportion of the amount remitted [10.c.1],Custom code 834,Global monitoring data,Third quarter of the specified year,"Remittance Prices Worldwide database, World Bank.",United Republic of Tanzania,10.75
2019,G,Third quarter of the specified year,"Remittance Prices Worldwide database, World Bank.",Average remittance costs of sending $200 in a corridor as a proportion of the amount remitted [10.c.1],Custom code 834,Global monitoring data,Third quarter of the specified year,"Remittance Prices Worldwide database, World Bank.",United Republic of Tanzania,10.91
2020,G,Third quarter of the specified year,"Remittance Prices Worldwide database, World Bank.",Average remittance costs of sending $200 in a corridor as a proportion of the amount remitted [10.c.1],Custom code 834,Global monitoring data,Third quarter of the specified year,"Remittance Prices Worldwide database, World Bank.",United Republic of Tanzania,9.39
2021,G,Third quarter of the specified year,"Remittance Prices Worldwide database, World Bank.",Average remittance costs of sending $200 in a corridor as a proportion of the amount remitted [10.c.1],Custom code 834,Global monitoring data,Third quarter of the specified year,"Remittance Prices Worldwide database, World Bank.",United Republic of Tanzania,9.92
2022,G,Third quarter of the specified year,"Remittance Prices Worldwide database, World Bank.",Average remittance costs of sending $200 in a corridor as a proportion of the amount remitted [10.c.1],Custom code 834,Global monitoring data,Third quarter of the specified year,"Remittance Prices Worldwide database, World Bank.",United Republic of Tanzania,13.32
2023,G,Third quarter of the specified year,"Remittance Prices Worldwide database, World Bank.",Average remittance costs of sending $200 in a corridor as a proportion of the amount remitted [10.c.1],Custom code 834,Global monitoring data,Third quarter of the specified year,"Remittance Prices Worldwide database, World Bank.",United Republic of Tanzania,10.48
2016,G,Third quarter of the specified year.,"Remittance Prices Worldwide database, World Bank.",SmaRT average remittance costs of sending $200 in a corridor as a proportion of the amount remitted [10.c.1],Custom code 646,Global monitoring data,Third quarter of the specified year.,"Remittance Prices Worldwide database, World Bank.",Rwanda,5.95993
2017,G,Third quarter of the specified year.,"Remittance Prices Worldwide database, World Bank.",SmaRT average remittance costs of sending $200 in a corridor as a proportion of the amount remitted [10.c.1],Custom code 646,Global monitoring data,Third quarter of the specified year.,"Remittance Prices Worldwide database, World Bank.",Rwanda,4.99827
2018,G,Third quarter of the specified year.,"Remittance Prices Worldwide database, World Bank.",SmaRT average remittance costs of sending $200 in a corridor as a proportion of the amount remitted [10.c.1],Custom code 646,Global monitoring data,Third quarter of the specified year.,"Remittance Prices Worldwide database, World Bank.",Rwanda,6.36322
2019,G,Third quarter of the specified year.,"Remittance Prices Worldwide database, World Bank.",SmaRT average remittance costs of sending $200 in a corridor as a proportion of the amount remitted [10.c.1],Custom code 646,Global monitoring data,Third quarter of the specified year.,"Remittance Prices Worldwide database, World Bank.",Rwanda,6.32025
2020,G,Third quarter of the specified year.,"Remittance Prices Worldwide database, World Bank.",SmaRT average remittance costs of sending $200 in a corridor as a proportion of the amount remitted [10.c.1],Custom code 646,Global monitoring data,Third quarter of the specified year.,"Remittance Prices Worldwide database, World Bank.",Rwanda,5.12047
2021,G,Third quarter of the specified year.,"Remittance Prices Worldwide database, World Bank.",SmaRT average remittance costs of sending $200 in a corridor as a proportion of the amount remitted [10.c.1],Custom code 646,Global monitoring data,Third quarter of the specified year.,"Remittance Prices Worldwide database, World Bank.",Rwanda,5.13
2022,G,Third quarter of the specified year.,"Remittance Prices Worldwide database, World Bank.",SmaRT average remittance costs of sending $200 in a corridor as a proportion of the amount remitted [10.c.1],Custom code 646,Global monitoring data,Third quarter of the specified year.,"Remittance Prices Worldwide database, World Bank.",Rwanda,3.88333
2023,G,Third quarter of the specified year.,"Remittance Prices Worldwide database, World Bank.",SmaRT average remittance costs of sending $200 in a corridor as a proportion of the amount remitted [10.c.1],Custom code 646,Global monitoring data,Third quarter of the specified year.,"Remittance Prices Worldwide database, World Bank.",Rwanda,5.39
2016,_X,NaN = Not Available,"Remittance Prices Worldwide database, World Bank.",SmaRT average remittance costs of sending $200 in a corridor as a proportion of the amount remitted [10.c.1],Custom code 728,Global monitoring data,Third quarter of the specified year.,"Remittance Prices Worldwide database, World Bank.",South Sudan,NaN
2017,_X,NaN = Not Available,"Remittance Prices Worldwide database, World Bank.",SmaRT average remittance costs of sending $200 in a corridor as a proportion of the amount remitted [10.c.1],Custom code 728,Global monitoring data,Third quarter of the specified year.,"Remittance Prices Worldwide database, World Bank.",South Sudan,NaN
2018,_X,NaN = Not Available,"Remittance Prices Worldwide database, World Bank.",SmaRT average remittance costs of sending $200 in a corridor as a proportion of the amount remitted [10.c.1],Custom code 728,Global monitoring data,Third quarter of the specified year.,"Remittance Prices Worldwide database, World Bank.",South Sudan,NaN
2019,_X,NaN = Not Available,"Remittance Prices Worldwide database, World Bank.",SmaRT average remittance costs of sending $200 in a corridor as a proportion of the amount remitted [10.c.1],Custom code 728,Global monitoring data,Third quarter of the specified year.,"Remittance Prices Worldwide database, World Bank.",South Sudan,NaN
2020,G,Third quarter of the specified year.,"Remittance Prices Worldwide database, World Bank.",SmaRT average remittance costs of sending $200 in a corridor as a proportion of the amount remitted [10.c.1],Custom code 728,Global monitoring data,Third quarter of the specified year.,"Remittance Prices Worldwide database, World Bank.",South Sudan,4.98322
2021,G,Third quarter of the specified year.,"Remittance Prices Worldwide database, World Bank.",SmaRT average remittance costs of sending $200 in a corridor as a proportion of the amount remitted [10.c.1],Custom code 728,Global monitoring data,Third quarter of the specified year.,"Remittance Prices Worldwide database, World Bank.",South Sudan,5.29
2022,G,Third quarter of the specified year.,"Remittance Prices Worldwide database, World Bank.",SmaRT average remittance costs of sending $200 in a corridor as a proportion of the amount remitted [10.c.1],Custom code 728,Global monitoring data,Third quarter of the specified year.,"Remittance Prices Worldwide database, World Bank.",South Sudan,2.57
2023,G,Third quarter of the specified year.,"Remittance Prices Worldwide database, World Bank.",SmaRT average remittance costs of sending $200 in a corridor as a proportion of the amount remitted [10.c.1],Custom code 728,Global monitoring data,Third quarter of the specified year.,"Remittance Prices Worldwide database, World Bank.",South Sudan,6.47
2016,G,Third quarter of the specified year.,"Remittance Prices Worldwide database, World Bank.",SmaRT average remittance costs of sending $200 in a corridor as a proportion of the amount remitted [10.c.1],Custom code 800,Global monitoring data,Third quarter of the specified year.,"Remittance Prices Worldwide database, World Bank.",Uganda,7.5595
2017,G,Third quarter of the specified year.,"Remittance Prices Worldwide database, World Bank.",SmaRT average remittance costs of sending $200 in a corridor as a proportion of the amount remitted [10.c.1],Custom code 800,Global monitoring data,Third quarter of the specified year.,"Remittance Prices Worldwide database, World Bank.",Uganda,4.99827
2018,G,Third quarter of the specified year.,"Remittance Prices Worldwide database, World Bank.",SmaRT average remittance costs of sending $200 in a corridor as a proportion of the amount remitted [10.c.1],Custom code 800,Global monitoring data,Third quarter of the specified year.,"Remittance Prices Worldwide database, World Bank.",Uganda,5.52621
2019,G,Third quarter of the specified year.,"Remittance Prices Worldwide database, World Bank.",SmaRT average remittance costs of sending $200 in a corridor as a proportion of the amount remitted [10.c.1],Custom code 800,Global monitoring data,Third quarter of the specified year.,"Remittance Prices Worldwide database, World Bank.",Uganda,6.27694
2020,G,Third quarter of the specified year.,"Remittance Prices Worldwide database, World Bank.",SmaRT average remittance costs of sending $200 in a corridor as a proportion of the amount remitted [10.c.1],Custom code 800,Global monitoring data,Third quarter of the specified year.,"Remittance Prices Worldwide database, World Bank.",Uganda,5.98287
2021,G,Third quarter of the specified year.,"Remittance Prices Worldwide database, World Bank.",SmaRT average remittance costs of sending $200 in a corridor as a proportion of the amount remitted [10.c.1],Custom code 800,Global monitoring data,Third quarter of the specified year.,"Remittance Prices Worldwide database, World Bank.",Uganda,4.76333
2022,G,Third quarter of the specified year.,"Remittance Prices Worldwide database, World Bank.",SmaRT average remittance costs of sending $200 in a corridor as a proportion of the amount remitted [10.c.1],Custom code 800,Global monitoring data,Third quarter of the specified year.,"Remittance Prices Worldwide database, World Bank.",Uganda,4.51667
2023,G,Third quarter of the specified year.,"Remittance Prices Worldwide database, World Bank.",SmaRT average remittance costs of sending $200 in a corridor as a proportion of the amount remitted [10.c.1],Custom code 800,Global monitoring data,Third quarter of the specified year.,"Remittance Prices Worldwide database, World Bank.",Uganda,4.5
2016,G,Third quarter of the specified year.,"Remittance Prices Worldwide database, World Bank.",SmaRT average remittance costs of sending $200 in a corridor as a proportion of the amount remitted [10.c.1],Custom code 834,Global monitoring data,Third quarter of the specified year.,"Remittance Prices Worldwide database, World Bank.",United Republic of Tanzania,7.5595
2017,G,Third quarter of the specified year.,"Remittance Prices Worldwide database, World Bank.",SmaRT average remittance costs of sending $200 in a corridor as a proportion of the amount remitted [10.c.1],Custom code 834,Global monitoring data,Third quarter of the specified year.,"Remittance Prices Worldwide database, World Bank.",United Republic of Tanzania,7.63023
2018,G,Third quarter of the specified year.,"Remittance Prices Worldwide database, World Bank.",SmaRT average remittance costs of sending $200 in a corridor as a proportion of the amount remitted [10.c.1],Custom code 834,Global monitoring data,Third quarter of the specified year.,"Remittance Prices Worldwide database, World Bank.",United Republic of Tanzania,5.65296
2019,G,Third quarter of the specified year.,"Remittance Prices Worldwide database, World Bank.",SmaRT average remittance costs of sending $200 in a corridor as a proportion of the amount remitted [10.c.1],Custom code 834,Global monitoring data,Third quarter of the specified year.,"Remittance Prices Worldwide database, World Bank.",United Republic of Tanzania,5.82121
2020,G,Third quarter of the specified year.,"Remittance Prices Worldwide database, World Bank.",SmaRT average remittance costs of sending $200 in a corridor as a proportion of the amount remitted [10.c.1],Custom code 834,Global monitoring data,Third quarter of the specified year.,"Remittance Prices Worldwide database, World Bank.",United Republic of Tanzania,6.41359
2021,G,Third quarter of the specified year.,"Remittance Prices Worldwide database, World Bank.",SmaRT average remittance costs of sending $200 in a corridor as a proportion of the amount remitted [10.c.1],Custom code 834,Global monitoring data,Third quarter of the specified year.,"Remittance Prices Worldwide database, World Bank.",United Republic of Tanzania,3.85667
2022,G,Third quarter of the specified year.,"Remittance Prices Worldwide database, World Bank.",SmaRT average remittance costs of sending $200 in a corridor as a proportion of the amount remitted [10.c.1],Custom code 834,Global monitoring data,Third quarter of the specified year.,"Remittance Prices Worldwide database, World Bank.",United Republic of Tanzania,5.09
2023,G,Third quarter of the specified year.,"Remittance Prices Worldwide database, World Bank.",SmaRT average remittance costs of sending $200 in a corridor as a proportion of the amount remitted [10.c.1],Custom code 834,Global monitoring data,Third quarter of the specified year.,"Remittance Prices Worldwide database, World Bank.",United Republic of Tanzania,4.68333
2011,C,Third quarter of the specified year.,"World Development Indicators database, World Bank.",Average remittance costs of sending $200 for a sending country as a proportion of the amount remitted [10.c.1],,Country Data,Third quarter of the specified year.,"World Development Indicators database, World Bank.",,9.72
2015,C,Third quarter of the specified year.,"World Development Indicators database, World Bank.",Average remittance costs of sending $200 for a sending country as a proportion of the amount remitted [10.c.1],,Country Data,Third quarter of the specified year.,"World Development Indicators database, World Bank.",,11.04
2017,C,Third quarter of the specified year.,"World Development Indicators database, World Bank.",Average remittance costs of sending $200 for a sending country as a proportion of the amount remitted [10.c.1],,Country Data,Third quarter of the specified year.,"World Development Indicators database, World Bank.",,9.48
2018,C,Third quarter of the specified year.,"World Development Indicators database, World Bank.",Average remittance costs of sending $200 for a sending country as a proportion of the amount remitted [10.c.1],,Country Data,Third quarter of the specified year.,"World Development Indicators database, World Bank.",,11.12
2019,C,Third quarter of the specified year.,"World Development Indicators database, World Bank.",Average remittance costs of sending $200 for a sending country as a proportion of the amount remitted [10.c.1],,Country Data,Third quarter of the specified year.,"World Development Indicators database, World Bank.",,11.31
2020,C,Third quarter of the specified year.,"World Development Indicators database, World Bank.",Average remittance costs of sending $200 for a sending country as a proportion of the amount remitted [10.c.1],,Country Data,Third quarter of the specified year.,"World Development Indicators database, World Bank.",,9.54
2021,C,Third quarter of the specified year.,"World Development Indicators database, World Bank.",Average remittance costs of sending $200 for a sending country as a proportion of the amount remitted [10.c.1],,Country Data,Third quarter of the specified year.,"World Development Indicators database, World Bank.",,9.23
2022,C,Third quarter of the specified year.,"World Development Indicators database, World Bank.",Average remittance costs of sending $200 for a sending country as a proportion of the amount remitted [10.c.1],,Country Data,Third quarter of the specified year.,"World Development Indicators database, World Bank.",,12.82
2023,C,Third quarter of the specified year.,"World Development Indicators database, World Bank.",Average remittance costs of sending $200 for a sending country as a proportion of the amount remitted [10.c.1],,Country Data,Third quarter of the specified year.,"World Development Indicators database, World Bank.",,10.15
