Year,COMMENT_OBS,SOURCE_DETAIL,SDG Series,Unit of measure,Observation-level footnotes,Source details,Value
2001,mainly UNSD National Accounts estimates. Missing data supplemented by IMF and other sources,UNSD national account estimates,Agriculture value added share of GDP [2.a.1],Percent,mainly UNSD National Accounts estimates. Missing data supplemented by IMF and other sources,UNSD national account estimates,15.48
2002,mainly UNSD National Accounts estimates. Missing data supplemented by IMF and other sources,UNSD national account estimates,Agriculture value added share of GDP [2.a.1],Percent,mainly UNSD National Accounts estimates. Missing data supplemented by IMF and other sources,UNSD national account estimates,14.37
2003,mainly UNSD National Accounts estimates. Missing data supplemented by IMF and other sources,UNSD national account estimates,Agriculture value added share of GDP [2.a.1],Percent,mainly UNSD National Accounts estimates. Missing data supplemented by IMF and other sources,UNSD national account estimates,14.34
2004,mainly UNSD National Accounts estimates. Missing data supplemented by IMF and other sources,UNSD national account estimates,Agriculture value added share of GDP [2.a.1],Percent,mainly UNSD National Accounts estimates. Missing data supplemented by IMF and other sources,UNSD national account estimates,13.85
2005,mainly UNSD National Accounts estimates. Missing data supplemented by IMF and other sources,UNSD national account estimates,Agriculture value added share of GDP [2.a.1],Percent,mainly UNSD National Accounts estimates. Missing data supplemented by IMF and other sources,UNSD national account estimates,13.47
2006,mainly UNSD National Accounts estimates. Missing data supplemented by IMF and other sources,UNSD national account estimates,Agriculture value added share of GDP [2.a.1],Percent,mainly UNSD National Accounts estimates. Missing data supplemented by IMF and other sources,UNSD national account estimates,13.23
2007,mainly UNSD National Accounts estimates. Missing data supplemented by IMF and other sources,UNSD national account estimates,Agriculture value added share of GDP [2.a.1],Percent,mainly UNSD National Accounts estimates. Missing data supplemented by IMF and other sources,UNSD national account estimates,13.28
2008,mainly UNSD National Accounts estimates. Missing data supplemented by IMF and other sources,UNSD national account estimates,Agriculture value added share of GDP [2.a.1],Percent,mainly UNSD National Accounts estimates. Missing data supplemented by IMF and other sources,UNSD national account estimates,14.31
2009,mainly UNSD National Accounts estimates. Missing data supplemented by IMF and other sources,UNSD national account estimates,Agriculture value added share of GDP [2.a.1],Percent,mainly UNSD National Accounts estimates. Missing data supplemented by IMF and other sources,UNSD national account estimates,16.25
2010,mainly UNSD National Accounts estimates. Missing data supplemented by IMF and other sources,UNSD national account estimates,Agriculture value added share of GDP [2.a.1],Percent,mainly UNSD National Accounts estimates. Missing data supplemented by IMF and other sources,UNSD national account estimates,17.57
2011,mainly UNSD National Accounts estimates. Missing data supplemented by IMF and other sources,UNSD national account estimates,Agriculture value added share of GDP [2.a.1],Percent,mainly UNSD National Accounts estimates. Missing data supplemented by IMF and other sources,UNSD national account estimates,18.89
2012,mainly UNSD National Accounts estimates. Missing data supplemented by IMF and other sources,UNSD national account estimates,Agriculture value added share of GDP [2.a.1],Percent,mainly UNSD National Accounts estimates. Missing data supplemented by IMF and other sources,UNSD national account estimates,18.71
2013,mainly UNSD National Accounts estimates. Missing data supplemented by IMF and other sources,UNSD national account estimates,Agriculture value added share of GDP [2.a.1],Percent,mainly UNSD National Accounts estimates. Missing data supplemented by IMF and other sources,UNSD national account estimates,18.62
2014,mainly UNSD National Accounts estimates. Missing data supplemented by IMF and other sources,UNSD national account estimates,Agriculture value added share of GDP [2.a.1],Percent,mainly UNSD National Accounts estimates. Missing data supplemented by IMF and other sources,UNSD national account estimates,18.35
2015,mainly UNSD National Accounts estimates. Missing data supplemented by IMF and other sources,UNSD national account estimates,Agriculture value added share of GDP [2.a.1],Percent,mainly UNSD National Accounts estimates. Missing data supplemented by IMF and other sources,UNSD national account estimates,19.47
2016,mainly UNSD National Accounts estimates. Missing data supplemented by IMF and other sources,UNSD national account estimates,Agriculture value added share of GDP [2.a.1],Percent,mainly UNSD National Accounts estimates. Missing data supplemented by IMF and other sources,UNSD national account estimates,20.03
2017,mainly UNSD National Accounts estimates. Missing data supplemented by IMF and other sources,UNSD national account estimates,Agriculture value added share of GDP [2.a.1],Percent,mainly UNSD National Accounts estimates. Missing data supplemented by IMF and other sources,UNSD national account estimates,20.89
2018,mainly UNSD National Accounts estimates. Missing data supplemented by IMF and other sources,UNSD national account estimates,Agriculture value added share of GDP [2.a.1],Percent,mainly UNSD National Accounts estimates. Missing data supplemented by IMF and other sources,UNSD national account estimates,20.31
2019,mainly UNSD National Accounts estimates. Missing data supplemented by IMF and other sources,UNSD national account estimates,Agriculture value added share of GDP [2.a.1],Percent,mainly UNSD National Accounts estimates. Missing data supplemented by IMF and other sources,UNSD national account estimates,20.86
2020,mainly UNSD National Accounts estimates. Missing data supplemented by IMF and other sources,UNSD national account estimates,Agriculture value added share of GDP [2.a.1],Percent,mainly UNSD National Accounts estimates. Missing data supplemented by IMF and other sources,UNSD national account estimates,22.7
2021,mainly UNSD National Accounts estimates. Missing data supplemented by IMF and other sources,UNSD national account estimates,Agriculture value added share of GDP [2.a.1],Percent,mainly UNSD National Accounts estimates. Missing data supplemented by IMF and other sources,UNSD national account estimates,21.48
2022,mainly UNSD National Accounts estimates. Missing data supplemented by IMF and other sources,UNSD national account estimates,Agriculture value added share of GDP [2.a.1],Percent,mainly UNSD National Accounts estimates. Missing data supplemented by IMF and other sources,UNSD national account estimates,21.17
2023,mainly UNSD National Accounts estimates. Missing data supplemented by IMF and other sources,UNSD national account estimates,Agriculture value added share of GDP [2.a.1],Percent,mainly UNSD National Accounts estimates. Missing data supplemented by IMF and other sources,UNSD national account estimates,21.3
2001,Budgetary Central Government,FAO questionnaires combined with secondary sources (IMF. EUROSTAT. CEPAL) where applicable and/or derived from official country publications (e.g. MoF. Stat Yearbook. Central Bank reports. and UNSD national accounts estimates). FAO imputation for missing values.,Agriculture orientation index for government expenditures [2.a.1],Index,consolidated General Government,FAO questionnaires combined with secondary sources (IMF. EUROSTAT. CEPAL) where applicable and/or derived from official country publications (e.g. MoF. Stat Yearbook. Central Bank reports. and UNSD national accounts estimates). FAO imputation for missing values.,0.31
2002,Budgetary Central Government,FAO questionnaires combined with secondary sources (IMF. EUROSTAT. CEPAL) where applicable and/or derived from official country publications (e.g. MoF. Stat Yearbook. Central Bank reports. and UNSD national accounts estimates). FAO imputation for missing values.,Agriculture orientation index for government expenditures [2.a.1],Index,consolidated General Government,FAO questionnaires combined with secondary sources (IMF. EUROSTAT. CEPAL) where applicable and/or derived from official country publications (e.g. MoF. Stat Yearbook. Central Bank reports. and UNSD national accounts estimates). FAO imputation for missing values.,0.35
2003,Budgetary Central Government,FAO questionnaires combined with secondary sources (IMF. EUROSTAT. CEPAL) where applicable and/or derived from official country publications (e.g. MoF. Stat Yearbook. Central Bank reports. and UNSD national accounts estimates). FAO imputation for missing values.,Agriculture orientation index for government expenditures [2.a.1],Index,consolidated General Government,FAO questionnaires combined with secondary sources (IMF. EUROSTAT. CEPAL) where applicable and/or derived from official country publications (e.g. MoF. Stat Yearbook. Central Bank reports. and UNSD national accounts estimates). FAO imputation for missing values.,0.32
2004,Budgetary Central Government,FAO questionnaires combined with secondary sources (IMF. EUROSTAT. CEPAL) where applicable and/or derived from official country publications (e.g. MoF. Stat Yearbook. Central Bank reports. and UNSD national accounts estimates). FAO imputation for missing values.,Agriculture orientation index for government expenditures [2.a.1],Index,consolidated General Government,FAO questionnaires combined with secondary sources (IMF. EUROSTAT. CEPAL) where applicable and/or derived from official country publications (e.g. MoF. Stat Yearbook. Central Bank reports. and UNSD national accounts estimates). FAO imputation for missing values.,0.3
2005,Budgetary Central Government,FAO questionnaires combined with secondary sources (IMF. EUROSTAT. CEPAL) where applicable and/or derived from official country publications (e.g. MoF. Stat Yearbook. Central Bank reports. and UNSD national accounts estimates). FAO imputation for missing values.,Agriculture orientation index for government expenditures [2.a.1],Index,consolidated General Government,FAO questionnaires combined with secondary sources (IMF. EUROSTAT. CEPAL) where applicable and/or derived from official country publications (e.g. MoF. Stat Yearbook. Central Bank reports. and UNSD national accounts estimates). FAO imputation for missing values.,0.29
2006,Budgetary Central Government,FAO questionnaires combined with secondary sources (IMF. EUROSTAT. CEPAL) where applicable and/or derived from official country publications (e.g. MoF. Stat Yearbook. Central Bank reports. and UNSD national accounts estimates). FAO imputation for missing values.,Agriculture orientation index for government expenditures [2.a.1],Index,consolidated General Government,FAO questionnaires combined with secondary sources (IMF. EUROSTAT. CEPAL) where applicable and/or derived from official country publications (e.g. MoF. Stat Yearbook. Central Bank reports. and UNSD national accounts estimates). FAO imputation for missing values.,0.21
2007,Budgetary Central Government,FAO questionnaires combined with secondary sources (IMF. EUROSTAT. CEPAL) where applicable and/or derived from official country publications (e.g. MoF. Stat Yearbook. Central Bank reports. and UNSD national accounts estimates). FAO imputation for missing values.,Agriculture orientation index for government expenditures [2.a.1],Index,consolidated General Government,FAO questionnaires combined with secondary sources (IMF. EUROSTAT. CEPAL) where applicable and/or derived from official country publications (e.g. MoF. Stat Yearbook. Central Bank reports. and UNSD national accounts estimates). FAO imputation for missing values.,0.26
2008,Budgetary Central Government,FAO questionnaires combined with secondary sources (IMF. EUROSTAT. CEPAL) where applicable and/or derived from official country publications (e.g. MoF. Stat Yearbook. Central Bank reports. and UNSD national accounts estimates). FAO imputation for missing values.,Agriculture orientation index for government expenditures [2.a.1],Index,consolidated General Government,FAO questionnaires combined with secondary sources (IMF. EUROSTAT. CEPAL) where applicable and/or derived from official country publications (e.g. MoF. Stat Yearbook. Central Bank reports. and UNSD national accounts estimates). FAO imputation for missing values.,0.22
2009,Budgetary Central Government,FAO questionnaires combined with secondary sources (IMF. EUROSTAT. CEPAL) where applicable and/or derived from official country publications (e.g. MoF. Stat Yearbook. Central Bank reports. and UNSD national accounts estimates). FAO imputation for missing values.,Agriculture orientation index for government expenditures [2.a.1],Index,consolidated General Government,FAO questionnaires combined with secondary sources (IMF. EUROSTAT. CEPAL) where applicable and/or derived from official country publications (e.g. MoF. Stat Yearbook. Central Bank reports. and UNSD national accounts estimates). FAO imputation for missing values.,0.24
2010,Budgetary Central Government,FAO questionnaires combined with secondary sources (IMF. EUROSTAT. CEPAL) where applicable and/or derived from official country publications (e.g. MoF. Stat Yearbook. Central Bank reports. and UNSD national accounts estimates). FAO imputation for missing values.,Agriculture orientation index for government expenditures [2.a.1],Index,consolidated General Government,FAO questionnaires combined with secondary sources (IMF. EUROSTAT. CEPAL) where applicable and/or derived from official country publications (e.g. MoF. Stat Yearbook. Central Bank reports. and UNSD national accounts estimates). FAO imputation for missing values.,0.22
2011,Budgetary Central Government,FAO questionnaires combined with secondary sources (IMF. EUROSTAT. CEPAL) where applicable and/or derived from official country publications (e.g. MoF. Stat Yearbook. Central Bank reports. and UNSD national accounts estimates). FAO imputation for missing values.,Agriculture orientation index for government expenditures [2.a.1],Index,consolidated General Government,FAO questionnaires combined with secondary sources (IMF. EUROSTAT. CEPAL) where applicable and/or derived from official country publications (e.g. MoF. Stat Yearbook. Central Bank reports. and UNSD national accounts estimates). FAO imputation for missing values.,0.27
2012,Budgetary Central Government,FAO questionnaires combined with secondary sources (IMF. EUROSTAT. CEPAL) where applicable and/or derived from official country publications (e.g. MoF. Stat Yearbook. Central Bank reports. and UNSD national accounts estimates). FAO imputation for missing values.,Agriculture orientation index for government expenditures [2.a.1],Index,consolidated General Government,FAO questionnaires combined with secondary sources (IMF. EUROSTAT. CEPAL) where applicable and/or derived from official country publications (e.g. MoF. Stat Yearbook. Central Bank reports. and UNSD national accounts estimates). FAO imputation for missing values.,0.19
2013,Budgetary Central Government,FAO questionnaires combined with secondary sources (IMF. EUROSTAT. CEPAL) where applicable and/or derived from official country publications (e.g. MoF. Stat Yearbook. Central Bank reports. and UNSD national accounts estimates). FAO imputation for missing values.,Agriculture orientation index for government expenditures [2.a.1],Index,consolidated General Government,FAO questionnaires combined with secondary sources (IMF. EUROSTAT. CEPAL) where applicable and/or derived from official country publications (e.g. MoF. Stat Yearbook. Central Bank reports. and UNSD national accounts estimates). FAO imputation for missing values.,0.18
2014,Budgetary Central Government,FAO questionnaires combined with secondary sources (IMF. EUROSTAT. CEPAL) where applicable and/or derived from official country publications (e.g. MoF. Stat Yearbook. Central Bank reports. and UNSD national accounts estimates). FAO imputation for missing values.,Agriculture orientation index for government expenditures [2.a.1],Index,consolidated General Government,FAO questionnaires combined with secondary sources (IMF. EUROSTAT. CEPAL) where applicable and/or derived from official country publications (e.g. MoF. Stat Yearbook. Central Bank reports. and UNSD national accounts estimates). FAO imputation for missing values.,0.15
2015,Budgetary Central Government,FAO questionnaires combined with secondary sources (IMF. EUROSTAT. CEPAL) where applicable and/or derived from official country publications (e.g. MoF. Stat Yearbook. Central Bank reports. and UNSD national accounts estimates). FAO imputation for missing values.,Agriculture orientation index for government expenditures [2.a.1],Index,consolidated General Government,FAO questionnaires combined with secondary sources (IMF. EUROSTAT. CEPAL) where applicable and/or derived from official country publications (e.g. MoF. Stat Yearbook. Central Bank reports. and UNSD national accounts estimates). FAO imputation for missing values.,0.09
2016,Budgetary Central Government,FAO questionnaires combined with secondary sources (IMF. EUROSTAT. CEPAL) where applicable and/or derived from official country publications (e.g. MoF. Stat Yearbook. Central Bank reports. and UNSD national accounts estimates). FAO imputation for missing values.,Agriculture orientation index for government expenditures [2.a.1],Index,consolidated General Government,FAO questionnaires combined with secondary sources (IMF. EUROSTAT. CEPAL) where applicable and/or derived from official country publications (e.g. MoF. Stat Yearbook. Central Bank reports. and UNSD national accounts estimates). FAO imputation for missing values.,0.08
2017,Budgetary Central Government,FAO questionnaires combined with secondary sources (IMF. EUROSTAT. CEPAL) where applicable and/or derived from official country publications (e.g. MoF. Stat Yearbook. Central Bank reports. and UNSD national accounts estimates). FAO imputation for missing values.,Agriculture orientation index for government expenditures [2.a.1],Index,consolidated General Government,FAO questionnaires combined with secondary sources (IMF. EUROSTAT. CEPAL) where applicable and/or derived from official country publications (e.g. MoF. Stat Yearbook. Central Bank reports. and UNSD national accounts estimates). FAO imputation for missing values.,0.08
2018,Budgetary Central Government,FAO questionnaires combined with secondary sources (IMF. EUROSTAT. CEPAL) where applicable and/or derived from official country publications (e.g. MoF. Stat Yearbook. Central Bank reports. and UNSD national accounts estimates). FAO imputation for missing values.,Agriculture orientation index for government expenditures [2.a.1],Index,consolidated General Government,FAO questionnaires combined with secondary sources (IMF. EUROSTAT. CEPAL) where applicable and/or derived from official country publications (e.g. MoF. Stat Yearbook. Central Bank reports. and UNSD national accounts estimates). FAO imputation for missing values.,0.08
2019,Budgetary Central Government,FAO questionnaires combined with secondary sources (IMF. EUROSTAT. CEPAL) where applicable and/or derived from official country publications (e.g. MoF. Stat Yearbook. Central Bank reports. and UNSD national accounts estimates). FAO imputation for missing values.,Agriculture orientation index for government expenditures [2.a.1],Index,consolidated General Government,FAO questionnaires combined with secondary sources (IMF. EUROSTAT. CEPAL) where applicable and/or derived from official country publications (e.g. MoF. Stat Yearbook. Central Bank reports. and UNSD national accounts estimates). FAO imputation for missing values.,0.09
2020,consolidated General Government,FAO questionnaires combined with secondary sources (IMF. EUROSTAT. CEPAL) where applicable and/or derived from official country publications (e.g. MoF. Stat Yearbook. Central Bank reports. and UNSD national accounts estimates). FAO imputation for missing values.,Agriculture orientation index for government expenditures [2.a.1],Index,consolidated General Government,FAO questionnaires combined with secondary sources (IMF. EUROSTAT. CEPAL) where applicable and/or derived from official country publications (e.g. MoF. Stat Yearbook. Central Bank reports. and UNSD national accounts estimates). FAO imputation for missing values.,0.12
2021,Budgetary Central Government,FAO questionnaires combined with secondary sources (IMF. EUROSTAT. CEPAL) where applicable and/or derived from official country publications (e.g. MoF. Stat Yearbook. Central Bank reports. and UNSD national accounts estimates). FAO imputation for missing values.,Agriculture orientation index for government expenditures [2.a.1],Index,consolidated General Government,FAO questionnaires combined with secondary sources (IMF. EUROSTAT. CEPAL) where applicable and/or derived from official country publications (e.g. MoF. Stat Yearbook. Central Bank reports. and UNSD national accounts estimates). FAO imputation for missing values.,0.12
2022,Budgetary Central Government,FAO questionnaires combined with secondary sources (IMF. EUROSTAT. CEPAL) where applicable and/or derived from official country publications (e.g. MoF. Stat Yearbook. Central Bank reports. and UNSD national accounts estimates). FAO imputation for missing values.,Agriculture orientation index for government expenditures [2.a.1],Index,consolidated General Government,FAO questionnaires combined with secondary sources (IMF. EUROSTAT. CEPAL) where applicable and/or derived from official country publications (e.g. MoF. Stat Yearbook. Central Bank reports. and UNSD national accounts estimates). FAO imputation for missing values.,0.11
2023,consolidated General Government,FAO questionnaires combined with secondary sources (IMF. EUROSTAT. CEPAL) where applicable and/or derived from official country publications (e.g. MoF. Stat Yearbook. Central Bank reports. and UNSD national accounts estimates). FAO imputation for missing values.,Agriculture orientation index for government expenditures [2.a.1],Index,consolidated General Government,FAO questionnaires combined with secondary sources (IMF. EUROSTAT. CEPAL) where applicable and/or derived from official country publications (e.g. MoF. Stat Yearbook. Central Bank reports. and UNSD national accounts estimates). FAO imputation for missing values.,0.12
2001,Budgetary Central Government,FAO questionnaires combined with secondary sources (IMF. EUROSTAT. CEPAL) where applicable and/or derived from official country publications (e.g. MoF. Stat Yearbook. Central Bank reports. and UNSD national accounts estimates). FAO imputation for missing values.,Agriculture share of Government Expenditure [2.a.1],Percent,consolidated General Government,FAO questionnaires combined with secondary sources (IMF. EUROSTAT. CEPAL) where applicable and/or derived from official country publications (e.g. MoF. Stat Yearbook. Central Bank reports. and UNSD national accounts estimates). FAO imputation for missing values.,4.82
2002,Budgetary Central Government,FAO questionnaires combined with secondary sources (IMF. EUROSTAT. CEPAL) where applicable and/or derived from official country publications (e.g. MoF. Stat Yearbook. Central Bank reports. and UNSD national accounts estimates). FAO imputation for missing values.,Agriculture share of Government Expenditure [2.a.1],Percent,consolidated General Government,FAO questionnaires combined with secondary sources (IMF. EUROSTAT. CEPAL) where applicable and/or derived from official country publications (e.g. MoF. Stat Yearbook. Central Bank reports. and UNSD national accounts estimates). FAO imputation for missing values.,4.99
2003,Budgetary Central Government,FAO questionnaires combined with secondary sources (IMF. EUROSTAT. CEPAL) where applicable and/or derived from official country publications (e.g. MoF. Stat Yearbook. Central Bank reports. and UNSD national accounts estimates). FAO imputation for missing values.,Agriculture share of Government Expenditure [2.a.1],Percent,consolidated General Government,FAO questionnaires combined with secondary sources (IMF. EUROSTAT. CEPAL) where applicable and/or derived from official country publications (e.g. MoF. Stat Yearbook. Central Bank reports. and UNSD national accounts estimates). FAO imputation for missing values.,4.58
2004,Budgetary Central Government,FAO questionnaires combined with secondary sources (IMF. EUROSTAT. CEPAL) where applicable and/or derived from official country publications (e.g. MoF. Stat Yearbook. Central Bank reports. and UNSD national accounts estimates). FAO imputation for missing values.,Agriculture share of Government Expenditure [2.a.1],Percent,consolidated General Government,FAO questionnaires combined with secondary sources (IMF. EUROSTAT. CEPAL) where applicable and/or derived from official country publications (e.g. MoF. Stat Yearbook. Central Bank reports. and UNSD national accounts estimates). FAO imputation for missing values.,4.21
2005,Budgetary Central Government,FAO questionnaires combined with secondary sources (IMF. EUROSTAT. CEPAL) where applicable and/or derived from official country publications (e.g. MoF. Stat Yearbook. Central Bank reports. and UNSD national accounts estimates). FAO imputation for missing values.,Agriculture share of Government Expenditure [2.a.1],Percent,consolidated General Government,FAO questionnaires combined with secondary sources (IMF. EUROSTAT. CEPAL) where applicable and/or derived from official country publications (e.g. MoF. Stat Yearbook. Central Bank reports. and UNSD national accounts estimates). FAO imputation for missing values.,3.87
2006,Budgetary Central Government,FAO questionnaires combined with secondary sources (IMF. EUROSTAT. CEPAL) where applicable and/or derived from official country publications (e.g. MoF. Stat Yearbook. Central Bank reports. and UNSD national accounts estimates). FAO imputation for missing values.,Agriculture share of Government Expenditure [2.a.1],Percent,consolidated General Government,FAO questionnaires combined with secondary sources (IMF. EUROSTAT. CEPAL) where applicable and/or derived from official country publications (e.g. MoF. Stat Yearbook. Central Bank reports. and UNSD national accounts estimates). FAO imputation for missing values.,2.79
2007,Budgetary Central Government,FAO questionnaires combined with secondary sources (IMF. EUROSTAT. CEPAL) where applicable and/or derived from official country publications (e.g. MoF. Stat Yearbook. Central Bank reports. and UNSD national accounts estimates). FAO imputation for missing values.,Agriculture share of Government Expenditure [2.a.1],Percent,consolidated General Government,FAO questionnaires combined with secondary sources (IMF. EUROSTAT. CEPAL) where applicable and/or derived from official country publications (e.g. MoF. Stat Yearbook. Central Bank reports. and UNSD national accounts estimates). FAO imputation for missing values.,3.42
2008,Budgetary Central Government,FAO questionnaires combined with secondary sources (IMF. EUROSTAT. CEPAL) where applicable and/or derived from official country publications (e.g. MoF. Stat Yearbook. Central Bank reports. and UNSD national accounts estimates). FAO imputation for missing values.,Agriculture share of Government Expenditure [2.a.1],Percent,consolidated General Government,FAO questionnaires combined with secondary sources (IMF. EUROSTAT. CEPAL) where applicable and/or derived from official country publications (e.g. MoF. Stat Yearbook. Central Bank reports. and UNSD national accounts estimates). FAO imputation for missing values.,3.18
2009,Budgetary Central Government,FAO questionnaires combined with secondary sources (IMF. EUROSTAT. CEPAL) where applicable and/or derived from official country publications (e.g. MoF. Stat Yearbook. Central Bank reports. and UNSD national accounts estimates). FAO imputation for missing values.,Agriculture share of Government Expenditure [2.a.1],Percent,consolidated General Government,FAO questionnaires combined with secondary sources (IMF. EUROSTAT. CEPAL) where applicable and/or derived from official country publications (e.g. MoF. Stat Yearbook. Central Bank reports. and UNSD national accounts estimates). FAO imputation for missing values.,3.91
2010,Budgetary Central Government,FAO questionnaires combined with secondary sources (IMF. EUROSTAT. CEPAL) where applicable and/or derived from official country publications (e.g. MoF. Stat Yearbook. Central Bank reports. and UNSD national accounts estimates). FAO imputation for missing values.,Agriculture share of Government Expenditure [2.a.1],Percent,consolidated General Government,FAO questionnaires combined with secondary sources (IMF. EUROSTAT. CEPAL) where applicable and/or derived from official country publications (e.g. MoF. Stat Yearbook. Central Bank reports. and UNSD national accounts estimates). FAO imputation for missing values.,3.92
2011,Budgetary Central Government,FAO questionnaires combined with secondary sources (IMF. EUROSTAT. CEPAL) where applicable and/or derived from official country publications (e.g. MoF. Stat Yearbook. Central Bank reports. and UNSD national accounts estimates). FAO imputation for missing values.,Agriculture share of Government Expenditure [2.a.1],Percent,consolidated General Government,FAO questionnaires combined with secondary sources (IMF. EUROSTAT. CEPAL) where applicable and/or derived from official country publications (e.g. MoF. Stat Yearbook. Central Bank reports. and UNSD national accounts estimates). FAO imputation for missing values.,5.09
2012,Budgetary Central Government,FAO questionnaires combined with secondary sources (IMF. EUROSTAT. CEPAL) where applicable and/or derived from official country publications (e.g. MoF. Stat Yearbook. Central Bank reports. and UNSD national accounts estimates). FAO imputation for missing values.,Agriculture share of Government Expenditure [2.a.1],Percent,consolidated General Government,FAO questionnaires combined with secondary sources (IMF. EUROSTAT. CEPAL) where applicable and/or derived from official country publications (e.g. MoF. Stat Yearbook. Central Bank reports. and UNSD national accounts estimates). FAO imputation for missing values.,3.59
2013,Budgetary Central Government,FAO questionnaires combined with secondary sources (IMF. EUROSTAT. CEPAL) where applicable and/or derived from official country publications (e.g. MoF. Stat Yearbook. Central Bank reports. and UNSD national accounts estimates). FAO imputation for missing values.,Agriculture share of Government Expenditure [2.a.1],Percent,consolidated General Government,FAO questionnaires combined with secondary sources (IMF. EUROSTAT. CEPAL) where applicable and/or derived from official country publications (e.g. MoF. Stat Yearbook. Central Bank reports. and UNSD national accounts estimates). FAO imputation for missing values.,3.26
2014,Budgetary Central Government,FAO questionnaires combined with secondary sources (IMF. EUROSTAT. CEPAL) where applicable and/or derived from official country publications (e.g. MoF. Stat Yearbook. Central Bank reports. and UNSD national accounts estimates). FAO imputation for missing values.,Agriculture share of Government Expenditure [2.a.1],Percent,consolidated General Government,FAO questionnaires combined with secondary sources (IMF. EUROSTAT. CEPAL) where applicable and/or derived from official country publications (e.g. MoF. Stat Yearbook. Central Bank reports. and UNSD national accounts estimates). FAO imputation for missing values.,2.7
2015,Budgetary Central Government,FAO questionnaires combined with secondary sources (IMF. EUROSTAT. CEPAL) where applicable and/or derived from official country publications (e.g. MoF. Stat Yearbook. Central Bank reports. and UNSD national accounts estimates). FAO imputation for missing values.,Agriculture share of Government Expenditure [2.a.1],Percent,consolidated General Government,FAO questionnaires combined with secondary sources (IMF. EUROSTAT. CEPAL) where applicable and/or derived from official country publications (e.g. MoF. Stat Yearbook. Central Bank reports. and UNSD national accounts estimates). FAO imputation for missing values.,1.75
2016,Budgetary Central Government,FAO questionnaires combined with secondary sources (IMF. EUROSTAT. CEPAL) where applicable and/or derived from official country publications (e.g. MoF. Stat Yearbook. Central Bank reports. and UNSD national accounts estimates). FAO imputation for missing values.,Agriculture share of Government Expenditure [2.a.1],Percent,consolidated General Government,FAO questionnaires combined with secondary sources (IMF. EUROSTAT. CEPAL) where applicable and/or derived from official country publications (e.g. MoF. Stat Yearbook. Central Bank reports. and UNSD national accounts estimates). FAO imputation for missing values.,1.54
2017,Budgetary Central Government,FAO questionnaires combined with secondary sources (IMF. EUROSTAT. CEPAL) where applicable and/or derived from official country publications (e.g. MoF. Stat Yearbook. Central Bank reports. and UNSD national accounts estimates). FAO imputation for missing values.,Agriculture share of Government Expenditure [2.a.1],Percent,consolidated General Government,FAO questionnaires combined with secondary sources (IMF. EUROSTAT. CEPAL) where applicable and/or derived from official country publications (e.g. MoF. Stat Yearbook. Central Bank reports. and UNSD national accounts estimates). FAO imputation for missing values.,1.77
2018,Budgetary Central Government,FAO questionnaires combined with secondary sources (IMF. EUROSTAT. CEPAL) where applicable and/or derived from official country publications (e.g. MoF. Stat Yearbook. Central Bank reports. and UNSD national accounts estimates). FAO imputation for missing values.,Agriculture share of Government Expenditure [2.a.1],Percent,consolidated General Government,FAO questionnaires combined with secondary sources (IMF. EUROSTAT. CEPAL) where applicable and/or derived from official country publications (e.g. MoF. Stat Yearbook. Central Bank reports. and UNSD national accounts estimates). FAO imputation for missing values.,1.7
2019,Budgetary Central Government,FAO questionnaires combined with secondary sources (IMF. EUROSTAT. CEPAL) where applicable and/or derived from official country publications (e.g. MoF. Stat Yearbook. Central Bank reports. and UNSD national accounts estimates). FAO imputation for missing values.,Agriculture share of Government Expenditure [2.a.1],Percent,consolidated General Government,FAO questionnaires combined with secondary sources (IMF. EUROSTAT. CEPAL) where applicable and/or derived from official country publications (e.g. MoF. Stat Yearbook. Central Bank reports. and UNSD national accounts estimates). FAO imputation for missing values.,1.84
2020,consolidated General Government,FAO questionnaires combined with secondary sources (IMF. EUROSTAT. CEPAL) where applicable and/or derived from official country publications (e.g. MoF. Stat Yearbook. Central Bank reports. and UNSD national accounts estimates). FAO imputation for missing values.,Agriculture share of Government Expenditure [2.a.1],Percent,consolidated General Government,FAO questionnaires combined with secondary sources (IMF. EUROSTAT. CEPAL) where applicable and/or derived from official country publications (e.g. MoF. Stat Yearbook. Central Bank reports. and UNSD national accounts estimates). FAO imputation for missing values.,2.69
2021,Budgetary Central Government,FAO questionnaires combined with secondary sources (IMF. EUROSTAT. CEPAL) where applicable and/or derived from official country publications (e.g. MoF. Stat Yearbook. Central Bank reports. and UNSD national accounts estimates). FAO imputation for missing values.,Agriculture share of Government Expenditure [2.a.1],Percent,consolidated General Government,FAO questionnaires combined with secondary sources (IMF. EUROSTAT. CEPAL) where applicable and/or derived from official country publications (e.g. MoF. Stat Yearbook. Central Bank reports. and UNSD national accounts estimates). FAO imputation for missing values.,2.48
2022,Budgetary Central Government,FAO questionnaires combined with secondary sources (IMF. EUROSTAT. CEPAL) where applicable and/or derived from official country publications (e.g. MoF. Stat Yearbook. Central Bank reports. and UNSD national accounts estimates). FAO imputation for missing values.,Agriculture share of Government Expenditure [2.a.1],Percent,consolidated General Government,FAO questionnaires combined with secondary sources (IMF. EUROSTAT. CEPAL) where applicable and/or derived from official country publications (e.g. MoF. Stat Yearbook. Central Bank reports. and UNSD national accounts estimates). FAO imputation for missing values.,2.24
2023,consolidated General Government,FAO questionnaires combined with secondary sources (IMF. EUROSTAT. CEPAL) where applicable and/or derived from official country publications (e.g. MoF. Stat Yearbook. Central Bank reports. and UNSD national accounts estimates). FAO imputation for missing values.,Agriculture share of Government Expenditure [2.a.1],Percent,consolidated General Government,FAO questionnaires combined with secondary sources (IMF. EUROSTAT. CEPAL) where applicable and/or derived from official country publications (e.g. MoF. Stat Yearbook. Central Bank reports. and UNSD national accounts estimates). FAO imputation for missing values.,2.46
