Year,SOURCE_DETAIL,SDG Series,Sex,Occupation,Unit of measure,Source details,Value
2002,"National health Workforce Accounts database, WHO.  Available at https://apps.who.int/nhwaportal.","Health worker density, by type of occupation (per 10,000 population) [3.c.1]",,Medical doctors,"Per 10,000 population","National health Workforce Accounts database, WHO.  Available at https://apps.who.int/nhwaportal.",1.38
2008,"National health Workforce Accounts database, WHO.  Available at https://apps.who.int/nhwaportal.","Health worker density, by type of occupation (per 10,000 population) [3.c.1]",,Medical doctors,"Per 10,000 population","National health Workforce Accounts database, WHO.  Available at https://apps.who.int/nhwaportal.",1.69
2009,"National health Workforce Accounts database, WHO.  Available at https://apps.who.int/nhwaportal.","Health worker density, by type of occupation (per 10,000 population) [3.c.1]",,Medical doctors,"Per 10,000 population","National health Workforce Accounts database, WHO.  Available at https://apps.who.int/nhwaportal.",1.71
2010,"National health Workforce Accounts database, WHO.  Available at https://apps.who.int/nhwaportal.","Health worker density, by type of occupation (per 10,000 population) [3.c.1]",,Medical doctors,"Per 10,000 population","National health Workforce Accounts database, WHO.  Available at https://apps.who.int/nhwaportal.",1.71
2011,"National health Workforce Accounts database, WHO.  Available at https://apps.who.int/nhwaportal.","Health worker density, by type of occupation (per 10,000 population) [3.c.1]",,Medical doctors,"Per 10,000 population","National health Workforce Accounts database, WHO.  Available at https://apps.who.int/nhwaportal.",1.77
2012,"National health Workforce Accounts database, WHO.  Available at https://apps.who.int/nhwaportal.","Health worker density, by type of occupation (per 10,000 population) [3.c.1]",,Medical doctors,"Per 10,000 population","National health Workforce Accounts database, WHO.  Available at https://apps.who.int/nhwaportal.",1.84
2013,"National health Workforce Accounts database, WHO.  Available at https://apps.who.int/nhwaportal.","Health worker density, by type of occupation (per 10,000 population) [3.c.1]",,Medical doctors,"Per 10,000 population","National health Workforce Accounts database, WHO.  Available at https://apps.who.int/nhwaportal.",1.93
2014,"National health Workforce Accounts database, WHO.  Available at https://apps.who.int/nhwaportal.","Health worker density, by type of occupation (per 10,000 population) [3.c.1]",,Medical doctors,"Per 10,000 population","National health Workforce Accounts database, WHO.  Available at https://apps.who.int/nhwaportal.",1.99
2018,"National health Workforce Accounts database, WHO.  Available at https://apps.who.int/nhwaportal.","Health worker density, by type of occupation (per 10,000 population) [3.c.1]",,Medical doctors,"Per 10,000 population","National health Workforce Accounts database, WHO.  Available at https://apps.who.int/nhwaportal.",1.6
2020,"National health Workforce Accounts database, WHO.  Available at https://apps.who.int/nhwaportal.","Health worker density, by type of occupation (per 10,000 population) [3.c.1]",,Medical doctors,"Per 10,000 population","National health Workforce Accounts database, WHO.  Available at https://apps.who.int/nhwaportal.",0.74
2021,"National health Workforce Accounts database, WHO.  Available at https://apps.who.int/nhwaportal.","Health worker density, by type of occupation (per 10,000 population) [3.c.1]",,Medical doctors,"Per 10,000 population","National health Workforce Accounts database, WHO.  Available at https://apps.who.int/nhwaportal.",0.98
2022,"National health Workforce Accounts database, WHO.  Available at https://apps.who.int/nhwaportal.","Health worker density, by type of occupation (per 10,000 population) [3.c.1]",,Medical doctors,"Per 10,000 population","National health Workforce Accounts database, WHO.  Available at https://apps.who.int/nhwaportal.",2.36
2023,"National health Workforce Accounts database, WHO.  Available at https://apps.who.int/nhwaportal.","Health worker density, by type of occupation (per 10,000 population) [3.c.1]",,Medical doctors,"Per 10,000 population","National health Workforce Accounts database, WHO.  Available at https://apps.who.int/nhwaportal.",2.89
2004,"National health Workforce Accounts database, WHO.  Available at https://apps.who.int/nhwaportal.","Health worker density, by type of occupation (per 10,000 population) [3.c.1]",,Nursing and midwifery personnel,"Per 10,000 population","National health Workforce Accounts database, WHO.  Available at https://apps.who.int/nhwaportal.",4.65
2008,"National health Workforce Accounts database, WHO.  Available at https://apps.who.int/nhwaportal.","Health worker density, by type of occupation (per 10,000 population) [3.c.1]",,Nursing and midwifery personnel,"Per 10,000 population","National health Workforce Accounts database, WHO.  Available at https://apps.who.int/nhwaportal.",3.59
2009,"National health Workforce Accounts database, WHO.  Available at https://apps.who.int/nhwaportal.","Health worker density, by type of occupation (per 10,000 population) [3.c.1]",,Nursing and midwifery personnel,"Per 10,000 population","National health Workforce Accounts database, WHO.  Available at https://apps.who.int/nhwaportal.",3.95
2010,"National health Workforce Accounts database, WHO.  Available at https://apps.who.int/nhwaportal.","Health worker density, by type of occupation (per 10,000 population) [3.c.1]",,Nursing and midwifery personnel,"Per 10,000 population","National health Workforce Accounts database, WHO.  Available at https://apps.who.int/nhwaportal.",7.13
2011,"National health Workforce Accounts database, WHO.  Available at https://apps.who.int/nhwaportal.","Health worker density, by type of occupation (per 10,000 population) [3.c.1]",,Nursing and midwifery personnel,"Per 10,000 population","National health Workforce Accounts database, WHO.  Available at https://apps.who.int/nhwaportal.",14.06
2012,"National health Workforce Accounts database, WHO.  Available at https://apps.who.int/nhwaportal.","Health worker density, by type of occupation (per 10,000 population) [3.c.1]",,Nursing and midwifery personnel,"Per 10,000 population","National health Workforce Accounts database, WHO.  Available at https://apps.who.int/nhwaportal.",14.07
2013,"National health Workforce Accounts database, WHO.  Available at https://apps.who.int/nhwaportal.","Health worker density, by type of occupation (per 10,000 population) [3.c.1]",,Nursing and midwifery personnel,"Per 10,000 population","National health Workforce Accounts database, WHO.  Available at https://apps.who.int/nhwaportal.",8.96
2014,"National health Workforce Accounts database, WHO.  Available at https://apps.who.int/nhwaportal.","Health worker density, by type of occupation (per 10,000 population) [3.c.1]",,Nursing and midwifery personnel,"Per 10,000 population","National health Workforce Accounts database, WHO.  Available at https://apps.who.int/nhwaportal.",9.41
2015,"National health Workforce Accounts database, WHO.  Available at https://apps.who.int/nhwaportal.","Health worker density, by type of occupation (per 10,000 population) [3.c.1]",,Nursing and midwifery personnel,"Per 10,000 population","National health Workforce Accounts database, WHO.  Available at https://apps.who.int/nhwaportal.",8.8
2016,"National health Workforce Accounts database, WHO.  Available at https://apps.who.int/nhwaportal.","Health worker density, by type of occupation (per 10,000 population) [3.c.1]",,Nursing and midwifery personnel,"Per 10,000 population","National health Workforce Accounts database, WHO.  Available at https://apps.who.int/nhwaportal.",10.56
2017,"National health Workforce Accounts database, WHO.  Available at https://apps.who.int/nhwaportal.","Health worker density, by type of occupation (per 10,000 population) [3.c.1]",,Nursing and midwifery personnel,"Per 10,000 population","National health Workforce Accounts database, WHO.  Available at https://apps.who.int/nhwaportal.",10.81
2018,"National health Workforce Accounts database, WHO.  Available at https://apps.who.int/nhwaportal.","Health worker density, by type of occupation (per 10,000 population) [3.c.1]",,Nursing and midwifery personnel,"Per 10,000 population","National health Workforce Accounts database, WHO.  Available at https://apps.who.int/nhwaportal.",11.93
2020,"National health Workforce Accounts database, WHO.  Available at https://apps.who.int/nhwaportal.","Health worker density, by type of occupation (per 10,000 population) [3.c.1]",,Nursing and midwifery personnel,"Per 10,000 population","National health Workforce Accounts database, WHO.  Available at https://apps.who.int/nhwaportal.",5.9
2021,"National health Workforce Accounts database, WHO.  Available at https://apps.who.int/nhwaportal.","Health worker density, by type of occupation (per 10,000 population) [3.c.1]",,Nursing and midwifery personnel,"Per 10,000 population","National health Workforce Accounts database, WHO.  Available at https://apps.who.int/nhwaportal.",6.5
2022,"National health Workforce Accounts database, WHO.  Available at https://apps.who.int/nhwaportal.","Health worker density, by type of occupation (per 10,000 population) [3.c.1]",,Nursing and midwifery personnel,"Per 10,000 population","National health Workforce Accounts database, WHO.  Available at https://apps.who.int/nhwaportal.",20.24
2023,"National health Workforce Accounts database, WHO.  Available at https://apps.who.int/nhwaportal.","Health worker density, by type of occupation (per 10,000 population) [3.c.1]",,Nursing and midwifery personnel,"Per 10,000 population","National health Workforce Accounts database, WHO.  Available at https://apps.who.int/nhwaportal.",22.73
2002,"National health Workforce Accounts database, WHO.  Available at https://apps.who.int/nhwaportal.","Health worker density, by type of occupation (per 10,000 population) [3.c.1]",,Dentists,"Per 10,000 population","National health Workforce Accounts database, WHO.  Available at https://apps.who.int/nhwaportal.",0.23
2008,"National health Workforce Accounts database, WHO.  Available at https://apps.who.int/nhwaportal.","Health worker density, by type of occupation (per 10,000 population) [3.c.1]",,Dentists,"Per 10,000 population","National health Workforce Accounts database, WHO.  Available at https://apps.who.int/nhwaportal.",0.25
2009,"National health Workforce Accounts database, WHO.  Available at https://apps.who.int/nhwaportal.","Health worker density, by type of occupation (per 10,000 population) [3.c.1]",,Dentists,"Per 10,000 population","National health Workforce Accounts database, WHO.  Available at https://apps.who.int/nhwaportal.",0.25
2010,"National health Workforce Accounts database, WHO.  Available at https://apps.who.int/nhwaportal.","Health worker density, by type of occupation (per 10,000 population) [3.c.1]",,Dentists,"Per 10,000 population","National health Workforce Accounts database, WHO.  Available at https://apps.who.int/nhwaportal.",0.22
2011,"National health Workforce Accounts database, WHO.  Available at https://apps.who.int/nhwaportal.","Health worker density, by type of occupation (per 10,000 population) [3.c.1]",,Dentists,"Per 10,000 population","National health Workforce Accounts database, WHO.  Available at https://apps.who.int/nhwaportal.",0.22
2012,"National health Workforce Accounts database, WHO.  Available at https://apps.who.int/nhwaportal.","Health worker density, by type of occupation (per 10,000 population) [3.c.1]",,Dentists,"Per 10,000 population","National health Workforce Accounts database, WHO.  Available at https://apps.who.int/nhwaportal.",0.22
2013,"National health Workforce Accounts database, WHO.  Available at https://apps.who.int/nhwaportal.","Health worker density, by type of occupation (per 10,000 population) [3.c.1]",,Dentists,"Per 10,000 population","National health Workforce Accounts database, WHO.  Available at https://apps.who.int/nhwaportal.",0.23
2014,"National health Workforce Accounts database, WHO.  Available at https://apps.who.int/nhwaportal.","Health worker density, by type of occupation (per 10,000 population) [3.c.1]",,Dentists,"Per 10,000 population","National health Workforce Accounts database, WHO.  Available at https://apps.who.int/nhwaportal.",0.24
2018,"National health Workforce Accounts database, WHO.  Available at https://apps.who.int/nhwaportal.","Health worker density, by type of occupation (per 10,000 population) [3.c.1]",,Dentists,"Per 10,000 population","National health Workforce Accounts database, WHO.  Available at https://apps.who.int/nhwaportal.",0.17
2019,"National health Workforce Accounts database, WHO.  Available at https://apps.who.int/nhwaportal.","Health worker density, by type of occupation (per 10,000 population) [3.c.1]",,Dentists,"Per 10,000 population","National health Workforce Accounts database, WHO.  Available at https://apps.who.int/nhwaportal.",0.25
2020,"National health Workforce Accounts database, WHO.  Available at https://apps.who.int/nhwaportal.","Health worker density, by type of occupation (per 10,000 population) [3.c.1]",,Dentists,"Per 10,000 population","National health Workforce Accounts database, WHO.  Available at https://apps.who.int/nhwaportal.",0.05
2022,"National health Workforce Accounts database, WHO.  Available at https://apps.who.int/nhwaportal.","Health worker density, by type of occupation (per 10,000 population) [3.c.1]",,Dentists,"Per 10,000 population","National health Workforce Accounts database, WHO.  Available at https://apps.who.int/nhwaportal.",0.25
2004,"National health Workforce Accounts database, WHO.  Available at https://apps.who.int/nhwaportal.","Health worker density, by type of occupation (per 10,000 population) [3.c.1]",,Pharmacists,"Per 10,000 population","National health Workforce Accounts database, WHO.  Available at https://apps.who.int/nhwaportal.",0.51
2008,"National health Workforce Accounts database, WHO.  Available at https://apps.who.int/nhwaportal.","Health worker density, by type of occupation (per 10,000 population) [3.c.1]",,Pharmacists,"Per 10,000 population","National health Workforce Accounts database, WHO.  Available at https://apps.who.int/nhwaportal.",0.73
2009,"National health Workforce Accounts database, WHO.  Available at https://apps.who.int/nhwaportal.","Health worker density, by type of occupation (per 10,000 population) [3.c.1]",,Pharmacists,"Per 10,000 population","National health Workforce Accounts database, WHO.  Available at https://apps.who.int/nhwaportal.",0.72
2010,"National health Workforce Accounts database, WHO.  Available at https://apps.who.int/nhwaportal.","Health worker density, by type of occupation (per 10,000 population) [3.c.1]",,Pharmacists,"Per 10,000 population","National health Workforce Accounts database, WHO.  Available at https://apps.who.int/nhwaportal.",0.74
2012,"National health Workforce Accounts database, WHO.  Available at https://apps.who.int/nhwaportal.","Health worker density, by type of occupation (per 10,000 population) [3.c.1]",,Pharmacists,"Per 10,000 population","National health Workforce Accounts database, WHO.  Available at https://apps.who.int/nhwaportal.",0.47
2013,"National health Workforce Accounts database, WHO.  Available at https://apps.who.int/nhwaportal.","Health worker density, by type of occupation (per 10,000 population) [3.c.1]",,Pharmacists,"Per 10,000 population","National health Workforce Accounts database, WHO.  Available at https://apps.who.int/nhwaportal.",0.49
2014,"National health Workforce Accounts database, WHO.  Available at https://apps.who.int/nhwaportal.","Health worker density, by type of occupation (per 10,000 population) [3.c.1]",,Pharmacists,"Per 10,000 population","National health Workforce Accounts database, WHO.  Available at https://apps.who.int/nhwaportal.",0.51
2018,"National health Workforce Accounts database, WHO.  Available at https://apps.who.int/nhwaportal.","Health worker density, by type of occupation (per 10,000 population) [3.c.1]",,Pharmacists,"Per 10,000 population","National health Workforce Accounts database, WHO.  Available at https://apps.who.int/nhwaportal.",0.19
2020,"National health Workforce Accounts database, WHO.  Available at https://apps.who.int/nhwaportal.","Health worker density, by type of occupation (per 10,000 population) [3.c.1]",,Pharmacists,"Per 10,000 population","National health Workforce Accounts database, WHO.  Available at https://apps.who.int/nhwaportal.",0.17
2021,"National health Workforce Accounts database, WHO.  Available at https://apps.who.int/nhwaportal.","Health worker density, by type of occupation (per 10,000 population) [3.c.1]",,Pharmacists,"Per 10,000 population","National health Workforce Accounts database, WHO.  Available at https://apps.who.int/nhwaportal.",0.21
2022,"National health Workforce Accounts database, WHO.  Available at https://apps.who.int/nhwaportal.","Health worker density, by type of occupation (per 10,000 population) [3.c.1]",,Pharmacists,"Per 10,000 population","National health Workforce Accounts database, WHO.  Available at https://apps.who.int/nhwaportal.",0.25
2023,"National health Workforce Accounts database, WHO.  Available at https://apps.who.int/nhwaportal.","Health worker density, by type of occupation (per 10,000 population) [3.c.1]",,Pharmacists,"Per 10,000 population","National health Workforce Accounts database, WHO.  Available at https://apps.who.int/nhwaportal.",0.21
2020,"National health Workforce Accounts, WHO.  Available at https://apps.who.int/nhwaportal.","Health worker distribution, by sex and type of occupation [3.c.1]",Female,Medical doctors,Percent,"National health Workforce Accounts, WHO.  Available at https://apps.who.int/nhwaportal.",43.1
2021,"National health Workforce Accounts, WHO.  Available at https://apps.who.int/nhwaportal.","Health worker distribution, by sex and type of occupation [3.c.1]",Female,Medical doctors,Percent,"National health Workforce Accounts, WHO.  Available at https://apps.who.int/nhwaportal.",41.1
2022,"National health Workforce Accounts, WHO.  Available at https://apps.who.int/nhwaportal.","Health worker distribution, by sex and type of occupation [3.c.1]",Female,Medical doctors,Percent,"National health Workforce Accounts, WHO.  Available at https://apps.who.int/nhwaportal.",42.1
2023,"National health Workforce Accounts, WHO.  Available at https://apps.who.int/nhwaportal.","Health worker distribution, by sex and type of occupation [3.c.1]",Female,Medical doctors,Percent,"National health Workforce Accounts, WHO.  Available at https://apps.who.int/nhwaportal.",44.1
2013,"National health Workforce Accounts, WHO.  Available at https://apps.who.int/nhwaportal.","Health worker distribution, by sex and type of occupation [3.c.1]",Female,Nursing personnel,Percent,"National health Workforce Accounts, WHO.  Available at https://apps.who.int/nhwaportal.",77.9
2014,"National health Workforce Accounts, WHO.  Available at https://apps.who.int/nhwaportal.","Health worker distribution, by sex and type of occupation [3.c.1]",Female,Nursing personnel,Percent,"National health Workforce Accounts, WHO.  Available at https://apps.who.int/nhwaportal.",77.6
2015,"National health Workforce Accounts, WHO.  Available at https://apps.who.int/nhwaportal.","Health worker distribution, by sex and type of occupation [3.c.1]",Female,Nursing personnel,Percent,"National health Workforce Accounts, WHO.  Available at https://apps.who.int/nhwaportal.",77.5
2016,"National health Workforce Accounts, WHO.  Available at https://apps.who.int/nhwaportal.","Health worker distribution, by sex and type of occupation [3.c.1]",Female,Nursing personnel,Percent,"National health Workforce Accounts, WHO.  Available at https://apps.who.int/nhwaportal.",76.9
2017,"National health Workforce Accounts, WHO.  Available at https://apps.who.int/nhwaportal.","Health worker distribution, by sex and type of occupation [3.c.1]",Female,Nursing personnel,Percent,"National health Workforce Accounts, WHO.  Available at https://apps.who.int/nhwaportal.",76.4
2018,"National health Workforce Accounts, WHO.  Available at https://apps.who.int/nhwaportal.","Health worker distribution, by sex and type of occupation [3.c.1]",Female,Nursing personnel,Percent,"National health Workforce Accounts, WHO.  Available at https://apps.who.int/nhwaportal.",75.9
2020,"National health Workforce Accounts, WHO.  Available at https://apps.who.int/nhwaportal.","Health worker distribution, by sex and type of occupation [3.c.1]",Female,Nursing personnel,Percent,"National health Workforce Accounts, WHO.  Available at https://apps.who.int/nhwaportal.",69.5
2021,"National health Workforce Accounts, WHO.  Available at https://apps.who.int/nhwaportal.","Health worker distribution, by sex and type of occupation [3.c.1]",Female,Nursing personnel,Percent,"National health Workforce Accounts, WHO.  Available at https://apps.who.int/nhwaportal.",68.0
2022,"National health Workforce Accounts, WHO.  Available at https://apps.who.int/nhwaportal.","Health worker distribution, by sex and type of occupation [3.c.1]",Female,Nursing personnel,Percent,"National health Workforce Accounts, WHO.  Available at https://apps.who.int/nhwaportal.",67.8
2023,"National health Workforce Accounts, WHO.  Available at https://apps.who.int/nhwaportal.","Health worker distribution, by sex and type of occupation [3.c.1]",Female,Nursing personnel,Percent,"National health Workforce Accounts, WHO.  Available at https://apps.who.int/nhwaportal.",73.1
2020,"National health Workforce Accounts, WHO.  Available at https://apps.who.int/nhwaportal.","Health worker distribution, by sex and type of occupation [3.c.1]",Male,Medical doctors,Percent,"National health Workforce Accounts, WHO.  Available at https://apps.who.int/nhwaportal.",56.9
2021,"National health Workforce Accounts, WHO.  Available at https://apps.who.int/nhwaportal.","Health worker distribution, by sex and type of occupation [3.c.1]",Male,Medical doctors,Percent,"National health Workforce Accounts, WHO.  Available at https://apps.who.int/nhwaportal.",58.9
2022,"National health Workforce Accounts, WHO.  Available at https://apps.who.int/nhwaportal.","Health worker distribution, by sex and type of occupation [3.c.1]",Male,Medical doctors,Percent,"National health Workforce Accounts, WHO.  Available at https://apps.who.int/nhwaportal.",57.9
2023,"National health Workforce Accounts, WHO.  Available at https://apps.who.int/nhwaportal.","Health worker distribution, by sex and type of occupation [3.c.1]",Male,Medical doctors,Percent,"National health Workforce Accounts, WHO.  Available at https://apps.who.int/nhwaportal.",55.9
2013,"National health Workforce Accounts, WHO.  Available at https://apps.who.int/nhwaportal.","Health worker distribution, by sex and type of occupation [3.c.1]",Male,Nursing personnel,Percent,"National health Workforce Accounts, WHO.  Available at https://apps.who.int/nhwaportal.",22.1
2014,"National health Workforce Accounts, WHO.  Available at https://apps.who.int/nhwaportal.","Health worker distribution, by sex and type of occupation [3.c.1]",Male,Nursing personnel,Percent,"National health Workforce Accounts, WHO.  Available at https://apps.who.int/nhwaportal.",22.4
2015,"National health Workforce Accounts, WHO.  Available at https://apps.who.int/nhwaportal.","Health worker distribution, by sex and type of occupation [3.c.1]",Male,Nursing personnel,Percent,"National health Workforce Accounts, WHO.  Available at https://apps.who.int/nhwaportal.",22.5
2016,"National health Workforce Accounts, WHO.  Available at https://apps.who.int/nhwaportal.","Health worker distribution, by sex and type of occupation [3.c.1]",Male,Nursing personnel,Percent,"National health Workforce Accounts, WHO.  Available at https://apps.who.int/nhwaportal.",23.1
2017,"National health Workforce Accounts, WHO.  Available at https://apps.who.int/nhwaportal.","Health worker distribution, by sex and type of occupation [3.c.1]",Male,Nursing personnel,Percent,"National health Workforce Accounts, WHO.  Available at https://apps.who.int/nhwaportal.",23.6
2018,"National health Workforce Accounts, WHO.  Available at https://apps.who.int/nhwaportal.","Health worker distribution, by sex and type of occupation [3.c.1]",Male,Nursing personnel,Percent,"National health Workforce Accounts, WHO.  Available at https://apps.who.int/nhwaportal.",24.1
2020,"National health Workforce Accounts, WHO.  Available at https://apps.who.int/nhwaportal.","Health worker distribution, by sex and type of occupation [3.c.1]",Male,Nursing personnel,Percent,"National health Workforce Accounts, WHO.  Available at https://apps.who.int/nhwaportal.",30.5
2021,"National health Workforce Accounts, WHO.  Available at https://apps.who.int/nhwaportal.","Health worker distribution, by sex and type of occupation [3.c.1]",Male,Nursing personnel,Percent,"National health Workforce Accounts, WHO.  Available at https://apps.who.int/nhwaportal.",32.0
2022,"National health Workforce Accounts, WHO.  Available at https://apps.who.int/nhwaportal.","Health worker distribution, by sex and type of occupation [3.c.1]",Male,Nursing personnel,Percent,"National health Workforce Accounts, WHO.  Available at https://apps.who.int/nhwaportal.",32.2
2023,"National health Workforce Accounts, WHO.  Available at https://apps.who.int/nhwaportal.","Health worker distribution, by sex and type of occupation [3.c.1]",Male,Nursing personnel,Percent,"National health Workforce Accounts, WHO.  Available at https://apps.who.int/nhwaportal.",26.9
