Year,COMMENT_OBS,Composite breakdown,Observation-level footnotes,Value
2010,"From 2010 – 2017, States Parties used the IHR monitoring questionnaire. The report is available in the e-SPAR platform (https://extranet.who.int/e-spar/ ).","IHR Capacity: National legislation, policy and financing","From 2010 – 2017, States Parties used the IHR monitoring questionnaire. The report is available in the e-SPAR platform (https://extranet.who.int/e-spar/ ).",50
2011,"From 2010 – 2017, States Parties used the IHR monitoring questionnaire. The report is available in the e-SPAR platform (https://extranet.who.int/e-spar/ ).","IHR Capacity: National legislation, policy and financing","From 2010 – 2017, States Parties used the IHR monitoring questionnaire. The report is available in the e-SPAR platform (https://extranet.who.int/e-spar/ ).",50
2012,"From 2010 – 2017, States Parties used the IHR monitoring questionnaire. The report is available in the e-SPAR platform (https://extranet.who.int/e-spar/ ).","IHR Capacity: National legislation, policy and financing","From 2010 – 2017, States Parties used the IHR monitoring questionnaire. The report is available in the e-SPAR platform (https://extranet.who.int/e-spar/ ).",50
2013,"From 2010 – 2017, States Parties used the IHR monitoring questionnaire. The report is available in the e-SPAR platform (https://extranet.who.int/e-spar/ ).","IHR Capacity: National legislation, policy and financing","From 2010 – 2017, States Parties used the IHR monitoring questionnaire. The report is available in the e-SPAR platform (https://extranet.who.int/e-spar/ ).",50
2017,"From 2010 – 2017, States Parties used the IHR monitoring questionnaire. The report is available in the e-SPAR platform (https://extranet.who.int/e-spar/ ).","IHR Capacity: National legislation, policy and financing","From 2010 – 2017, States Parties used the IHR monitoring questionnaire. The report is available in the e-SPAR platform (https://extranet.who.int/e-spar/ ).",0
2010,"From 2010 – 2017, States Parties used the IHR monitoring questionnaire. The report is available in the e-SPAR platform (https://extranet.who.int/e-spar/ ).",IHR Capacity: Coordination and National Focal Point communications,"From 2010 – 2017, States Parties used the IHR monitoring questionnaire. The report is available in the e-SPAR platform (https://extranet.who.int/e-spar/ ).",81
2011,"From 2010 – 2017, States Parties used the IHR monitoring questionnaire. The report is available in the e-SPAR platform (https://extranet.who.int/e-spar/ ).",IHR Capacity: Coordination and National Focal Point communications,"From 2010 – 2017, States Parties used the IHR monitoring questionnaire. The report is available in the e-SPAR platform (https://extranet.who.int/e-spar/ ).",90
2012,"From 2010 – 2017, States Parties used the IHR monitoring questionnaire. The report is available in the e-SPAR platform (https://extranet.who.int/e-spar/ ).",IHR Capacity: Coordination and National Focal Point communications,"From 2010 – 2017, States Parties used the IHR monitoring questionnaire. The report is available in the e-SPAR platform (https://extranet.who.int/e-spar/ ).",90
2013,"From 2010 – 2017, States Parties used the IHR monitoring questionnaire. The report is available in the e-SPAR platform (https://extranet.who.int/e-spar/ ).",IHR Capacity: Coordination and National Focal Point communications,"From 2010 – 2017, States Parties used the IHR monitoring questionnaire. The report is available in the e-SPAR platform (https://extranet.who.int/e-spar/ ).",100
2017,"From 2010 – 2017, States Parties used the IHR monitoring questionnaire. The report is available in the e-SPAR platform (https://extranet.who.int/e-spar/ ).",IHR Capacity: Coordination and National Focal Point communications,"From 2010 – 2017, States Parties used the IHR monitoring questionnaire. The report is available in the e-SPAR platform (https://extranet.who.int/e-spar/ ).",20
2010,"From 2010 – 2017, States Parties used the IHR monitoring questionnaire. The report is available in the e-SPAR platform (https://extranet.who.int/e-spar/ ).",IHR Capacity: Surveillance,"From 2010 – 2017, States Parties used the IHR monitoring questionnaire. The report is available in the e-SPAR platform (https://extranet.who.int/e-spar/ ).",76
2011,"From 2010 – 2017, States Parties used the IHR monitoring questionnaire. The report is available in the e-SPAR platform (https://extranet.who.int/e-spar/ ).",IHR Capacity: Surveillance,"From 2010 – 2017, States Parties used the IHR monitoring questionnaire. The report is available in the e-SPAR platform (https://extranet.who.int/e-spar/ ).",70
2012,"From 2010 – 2017, States Parties used the IHR monitoring questionnaire. The report is available in the e-SPAR platform (https://extranet.who.int/e-spar/ ).",IHR Capacity: Surveillance,"From 2010 – 2017, States Parties used the IHR monitoring questionnaire. The report is available in the e-SPAR platform (https://extranet.who.int/e-spar/ ).",75
2013,"From 2010 – 2017, States Parties used the IHR monitoring questionnaire. The report is available in the e-SPAR platform (https://extranet.who.int/e-spar/ ).",IHR Capacity: Surveillance,"From 2010 – 2017, States Parties used the IHR monitoring questionnaire. The report is available in the e-SPAR platform (https://extranet.who.int/e-spar/ ).",85
2017,"From 2010 – 2017, States Parties used the IHR monitoring questionnaire. The report is available in the e-SPAR platform (https://extranet.who.int/e-spar/ ).",IHR Capacity: Surveillance,"From 2010 – 2017, States Parties used the IHR monitoring questionnaire. The report is available in the e-SPAR platform (https://extranet.who.int/e-spar/ ).",50
2010,"From 2010 – 2017, States Parties used the IHR monitoring questionnaire. The report is available in the e-SPAR platform (https://extranet.who.int/e-spar/ ).",IHR Capacity: Response,"From 2010 – 2017, States Parties used the IHR monitoring questionnaire. The report is available in the e-SPAR platform (https://extranet.who.int/e-spar/ ).",57
2011,"From 2010 – 2017, States Parties used the IHR monitoring questionnaire. The report is available in the e-SPAR platform (https://extranet.who.int/e-spar/ ).",IHR Capacity: Response,"From 2010 – 2017, States Parties used the IHR monitoring questionnaire. The report is available in the e-SPAR platform (https://extranet.who.int/e-spar/ ).",64
2012,"From 2010 – 2017, States Parties used the IHR monitoring questionnaire. The report is available in the e-SPAR platform (https://extranet.who.int/e-spar/ ).",IHR Capacity: Response,"From 2010 – 2017, States Parties used the IHR monitoring questionnaire. The report is available in the e-SPAR platform (https://extranet.who.int/e-spar/ ).",77
2013,"From 2010 – 2017, States Parties used the IHR monitoring questionnaire. The report is available in the e-SPAR platform (https://extranet.who.int/e-spar/ ).",IHR Capacity: Response,"From 2010 – 2017, States Parties used the IHR monitoring questionnaire. The report is available in the e-SPAR platform (https://extranet.who.int/e-spar/ ).",83
2017,"From 2010 – 2017, States Parties used the IHR monitoring questionnaire. The report is available in the e-SPAR platform (https://extranet.who.int/e-spar/ ).",IHR Capacity: Response,"From 2010 – 2017, States Parties used the IHR monitoring questionnaire. The report is available in the e-SPAR platform (https://extranet.who.int/e-spar/ ).",77
2010,"From 2010 – 2017, States Parties used the IHR monitoring questionnaire. The report is available in the e-SPAR platform (https://extranet.who.int/e-spar/ ).",IHR Capacity: Preparedness,"From 2010 – 2017, States Parties used the IHR monitoring questionnaire. The report is available in the e-SPAR platform (https://extranet.who.int/e-spar/ ).",14
2011,"From 2010 – 2017, States Parties used the IHR monitoring questionnaire. The report is available in the e-SPAR platform (https://extranet.who.int/e-spar/ ).",IHR Capacity: Preparedness,"From 2010 – 2017, States Parties used the IHR monitoring questionnaire. The report is available in the e-SPAR platform (https://extranet.who.int/e-spar/ ).",42
2012,"From 2010 – 2017, States Parties used the IHR monitoring questionnaire. The report is available in the e-SPAR platform (https://extranet.who.int/e-spar/ ).",IHR Capacity: Preparedness,"From 2010 – 2017, States Parties used the IHR monitoring questionnaire. The report is available in the e-SPAR platform (https://extranet.who.int/e-spar/ ).",70
2013,"From 2010 – 2017, States Parties used the IHR monitoring questionnaire. The report is available in the e-SPAR platform (https://extranet.who.int/e-spar/ ).",IHR Capacity: Preparedness,"From 2010 – 2017, States Parties used the IHR monitoring questionnaire. The report is available in the e-SPAR platform (https://extranet.who.int/e-spar/ ).",53
2017,"From 2010 – 2017, States Parties used the IHR monitoring questionnaire. The report is available in the e-SPAR platform (https://extranet.who.int/e-spar/ ).",IHR Capacity: Preparedness,"From 2010 – 2017, States Parties used the IHR monitoring questionnaire. The report is available in the e-SPAR platform (https://extranet.who.int/e-spar/ ).",55
2010,"From 2010 – 2017, States Parties used the IHR monitoring questionnaire. The report is available in the e-SPAR platform (https://extranet.who.int/e-spar/ ).",IHR Capacity: Risk communication,"From 2010 – 2017, States Parties used the IHR monitoring questionnaire. The report is available in the e-SPAR platform (https://extranet.who.int/e-spar/ ).",80
2011,"From 2010 – 2017, States Parties used the IHR monitoring questionnaire. The report is available in the e-SPAR platform (https://extranet.who.int/e-spar/ ).",IHR Capacity: Risk communication,"From 2010 – 2017, States Parties used the IHR monitoring questionnaire. The report is available in the e-SPAR platform (https://extranet.who.int/e-spar/ ).",71
2012,"From 2010 – 2017, States Parties used the IHR monitoring questionnaire. The report is available in the e-SPAR platform (https://extranet.who.int/e-spar/ ).",IHR Capacity: Risk communication,"From 2010 – 2017, States Parties used the IHR monitoring questionnaire. The report is available in the e-SPAR platform (https://extranet.who.int/e-spar/ ).",57
2013,"From 2010 – 2017, States Parties used the IHR monitoring questionnaire. The report is available in the e-SPAR platform (https://extranet.who.int/e-spar/ ).",IHR Capacity: Risk communication,"From 2010 – 2017, States Parties used the IHR monitoring questionnaire. The report is available in the e-SPAR platform (https://extranet.who.int/e-spar/ ).",57
2017,"From 2010 – 2017, States Parties used the IHR monitoring questionnaire. The report is available in the e-SPAR platform (https://extranet.who.int/e-spar/ ).",IHR Capacity: Risk communication,"From 2010 – 2017, States Parties used the IHR monitoring questionnaire. The report is available in the e-SPAR platform (https://extranet.who.int/e-spar/ ).",86
2010,"From 2010 – 2017, States Parties used the IHR monitoring questionnaire. The report is available in the e-SPAR platform (https://extranet.who.int/e-spar/ ).",IHR Capacity: Human resources,"From 2010 – 2017, States Parties used the IHR monitoring questionnaire. The report is available in the e-SPAR platform (https://extranet.who.int/e-spar/ ).",16
2011,"From 2010 – 2017, States Parties used the IHR monitoring questionnaire. The report is available in the e-SPAR platform (https://extranet.who.int/e-spar/ ).",IHR Capacity: Human resources,"From 2010 – 2017, States Parties used the IHR monitoring questionnaire. The report is available in the e-SPAR platform (https://extranet.who.int/e-spar/ ).",75
2012,"From 2010 – 2017, States Parties used the IHR monitoring questionnaire. The report is available in the e-SPAR platform (https://extranet.who.int/e-spar/ ).",IHR Capacity: Human resources,"From 2010 – 2017, States Parties used the IHR monitoring questionnaire. The report is available in the e-SPAR platform (https://extranet.who.int/e-spar/ ).",40
2013,"From 2010 – 2017, States Parties used the IHR monitoring questionnaire. The report is available in the e-SPAR platform (https://extranet.who.int/e-spar/ ).",IHR Capacity: Human resources,"From 2010 – 2017, States Parties used the IHR monitoring questionnaire. The report is available in the e-SPAR platform (https://extranet.who.int/e-spar/ ).",40
2017,"From 2010 – 2017, States Parties used the IHR monitoring questionnaire. The report is available in the e-SPAR platform (https://extranet.who.int/e-spar/ ).",IHR Capacity: Human resources,"From 2010 – 2017, States Parties used the IHR monitoring questionnaire. The report is available in the e-SPAR platform (https://extranet.who.int/e-spar/ ).",80
2010,"From 2010 – 2017, States Parties used the IHR monitoring questionnaire. The report is available in the e-SPAR platform (https://extranet.who.int/e-spar/ ).",IHR Capacity: Laboratory,"From 2010 – 2017, States Parties used the IHR monitoring questionnaire. The report is available in the e-SPAR platform (https://extranet.who.int/e-spar/ ).",94
2011,"From 2010 – 2017, States Parties used the IHR monitoring questionnaire. The report is available in the e-SPAR platform (https://extranet.who.int/e-spar/ ).",IHR Capacity: Laboratory,"From 2010 – 2017, States Parties used the IHR monitoring questionnaire. The report is available in the e-SPAR platform (https://extranet.who.int/e-spar/ ).",90
2012,"From 2010 – 2017, States Parties used the IHR monitoring questionnaire. The report is available in the e-SPAR platform (https://extranet.who.int/e-spar/ ).",IHR Capacity: Laboratory,"From 2010 – 2017, States Parties used the IHR monitoring questionnaire. The report is available in the e-SPAR platform (https://extranet.who.int/e-spar/ ).",65
2013,"From 2010 – 2017, States Parties used the IHR monitoring questionnaire. The report is available in the e-SPAR platform (https://extranet.who.int/e-spar/ ).",IHR Capacity: Laboratory,"From 2010 – 2017, States Parties used the IHR monitoring questionnaire. The report is available in the e-SPAR platform (https://extranet.who.int/e-spar/ ).",96
2017,"From 2010 – 2017, States Parties used the IHR monitoring questionnaire. The report is available in the e-SPAR platform (https://extranet.who.int/e-spar/ ).",IHR Capacity: Laboratory,"From 2010 – 2017, States Parties used the IHR monitoring questionnaire. The report is available in the e-SPAR platform (https://extranet.who.int/e-spar/ ).",72
2010,"From 2010 – 2017, States Parties used the IHR monitoring questionnaire. The report is available in the e-SPAR platform (https://extranet.who.int/e-spar/ ).",IHR Capacity: Points of entry,"From 2010 – 2017, States Parties used the IHR monitoring questionnaire. The report is available in the e-SPAR platform (https://extranet.who.int/e-spar/ ).",88
2011,"From 2010 – 2017, States Parties used the IHR monitoring questionnaire. The report is available in the e-SPAR platform (https://extranet.who.int/e-spar/ ).",IHR Capacity: Points of entry,"From 2010 – 2017, States Parties used the IHR monitoring questionnaire. The report is available in the e-SPAR platform (https://extranet.who.int/e-spar/ ).",70
2012,"From 2010 – 2017, States Parties used the IHR monitoring questionnaire. The report is available in the e-SPAR platform (https://extranet.who.int/e-spar/ ).",IHR Capacity: Points of entry,"From 2010 – 2017, States Parties used the IHR monitoring questionnaire. The report is available in the e-SPAR platform (https://extranet.who.int/e-spar/ ).",55
2013,"From 2010 – 2017, States Parties used the IHR monitoring questionnaire. The report is available in the e-SPAR platform (https://extranet.who.int/e-spar/ ).",IHR Capacity: Points of entry,"From 2010 – 2017, States Parties used the IHR monitoring questionnaire. The report is available in the e-SPAR platform (https://extranet.who.int/e-spar/ ).",71
2017,"From 2010 – 2017, States Parties used the IHR monitoring questionnaire. The report is available in the e-SPAR platform (https://extranet.who.int/e-spar/ ).",IHR Capacity: Points of entry,"From 2010 – 2017, States Parties used the IHR monitoring questionnaire. The report is available in the e-SPAR platform (https://extranet.who.int/e-spar/ ).",71
2010,"From 2010 – 2017, States Parties used the IHR monitoring questionnaire. The report is available in the e-SPAR platform (https://extranet.who.int/e-spar/ ).",IHR Capacity: Zoonotic events,"From 2010 – 2017, States Parties used the IHR monitoring questionnaire. The report is available in the e-SPAR platform (https://extranet.who.int/e-spar/ ).",100
2011,"From 2010 – 2017, States Parties used the IHR monitoring questionnaire. The report is available in the e-SPAR platform (https://extranet.who.int/e-spar/ ).",IHR Capacity: Zoonotic events,"From 2010 – 2017, States Parties used the IHR monitoring questionnaire. The report is available in the e-SPAR platform (https://extranet.who.int/e-spar/ ).",100
2012,"From 2010 – 2017, States Parties used the IHR monitoring questionnaire. The report is available in the e-SPAR platform (https://extranet.who.int/e-spar/ ).",IHR Capacity: Zoonotic events,"From 2010 – 2017, States Parties used the IHR monitoring questionnaire. The report is available in the e-SPAR platform (https://extranet.who.int/e-spar/ ).",89
2013,"From 2010 – 2017, States Parties used the IHR monitoring questionnaire. The report is available in the e-SPAR platform (https://extranet.who.int/e-spar/ ).",IHR Capacity: Zoonotic events,"From 2010 – 2017, States Parties used the IHR monitoring questionnaire. The report is available in the e-SPAR platform (https://extranet.who.int/e-spar/ ).",100
2017,"From 2010 – 2017, States Parties used the IHR monitoring questionnaire. The report is available in the e-SPAR platform (https://extranet.who.int/e-spar/ ).",IHR Capacity: Zoonotic events,"From 2010 – 2017, States Parties used the IHR monitoring questionnaire. The report is available in the e-SPAR platform (https://extranet.who.int/e-spar/ ).",67
2010,"From 2010 – 2017, States Parties used the IHR monitoring questionnaire. The report is available in the e-SPAR platform (https://extranet.who.int/e-spar/ ).",IHR Capacity: Food safety,"From 2010 – 2017, States Parties used the IHR monitoring questionnaire. The report is available in the e-SPAR platform (https://extranet.who.int/e-spar/ ).",73
2011,"From 2010 – 2017, States Parties used the IHR monitoring questionnaire. The report is available in the e-SPAR platform (https://extranet.who.int/e-spar/ ).",IHR Capacity: Food safety,"From 2010 – 2017, States Parties used the IHR monitoring questionnaire. The report is available in the e-SPAR platform (https://extranet.who.int/e-spar/ ).",100
2012,"From 2010 – 2017, States Parties used the IHR monitoring questionnaire. The report is available in the e-SPAR platform (https://extranet.who.int/e-spar/ ).",IHR Capacity: Food safety,"From 2010 – 2017, States Parties used the IHR monitoring questionnaire. The report is available in the e-SPAR platform (https://extranet.who.int/e-spar/ ).",80
2013,"From 2010 – 2017, States Parties used the IHR monitoring questionnaire. The report is available in the e-SPAR platform (https://extranet.who.int/e-spar/ ).",IHR Capacity: Food safety,"From 2010 – 2017, States Parties used the IHR monitoring questionnaire. The report is available in the e-SPAR platform (https://extranet.who.int/e-spar/ ).",73
2017,"From 2010 – 2017, States Parties used the IHR monitoring questionnaire. The report is available in the e-SPAR platform (https://extranet.who.int/e-spar/ ).",IHR Capacity: Food safety,"From 2010 – 2017, States Parties used the IHR monitoring questionnaire. The report is available in the e-SPAR platform (https://extranet.who.int/e-spar/ ).",100
2010,"From 2010 – 2017, States Parties used the IHR monitoring questionnaire. The report is available in the e-SPAR platform (https://extranet.who.int/e-spar/ ).",IHR Capacity: Chemical events,"From 2010 – 2017, States Parties used the IHR monitoring questionnaire. The report is available in the e-SPAR platform (https://extranet.who.int/e-spar/ ).",0
2011,"From 2010 – 2017, States Parties used the IHR monitoring questionnaire. The report is available in the e-SPAR platform (https://extranet.who.int/e-spar/ ).",IHR Capacity: Chemical events,"From 2010 – 2017, States Parties used the IHR monitoring questionnaire. The report is available in the e-SPAR platform (https://extranet.who.int/e-spar/ ).",25
2012,"From 2010 – 2017, States Parties used the IHR monitoring questionnaire. The report is available in the e-SPAR platform (https://extranet.who.int/e-spar/ ).",IHR Capacity: Chemical events,"From 2010 – 2017, States Parties used the IHR monitoring questionnaire. The report is available in the e-SPAR platform (https://extranet.who.int/e-spar/ ).",46
2013,"From 2010 – 2017, States Parties used the IHR monitoring questionnaire. The report is available in the e-SPAR platform (https://extranet.who.int/e-spar/ ).",IHR Capacity: Chemical events,"From 2010 – 2017, States Parties used the IHR monitoring questionnaire. The report is available in the e-SPAR platform (https://extranet.who.int/e-spar/ ).",46
2017,"From 2010 – 2017, States Parties used the IHR monitoring questionnaire. The report is available in the e-SPAR platform (https://extranet.who.int/e-spar/ ).",IHR Capacity: Chemical events,"From 2010 – 2017, States Parties used the IHR monitoring questionnaire. The report is available in the e-SPAR platform (https://extranet.who.int/e-spar/ ).",38
2010,"From 2010 – 2017, States Parties used the IHR monitoring questionnaire. The report is available in the e-SPAR platform (https://extranet.who.int/e-spar/ ).",IHR Capacity: Radionuclear emergencies,"From 2010 – 2017, States Parties used the IHR monitoring questionnaire. The report is available in the e-SPAR platform (https://extranet.who.int/e-spar/ ).",66
2011,"From 2010 – 2017, States Parties used the IHR monitoring questionnaire. The report is available in the e-SPAR platform (https://extranet.who.int/e-spar/ ).",IHR Capacity: Radionuclear emergencies,"From 2010 – 2017, States Parties used the IHR monitoring questionnaire. The report is available in the e-SPAR platform (https://extranet.who.int/e-spar/ ).",100
2012,"From 2010 – 2017, States Parties used the IHR monitoring questionnaire. The report is available in the e-SPAR platform (https://extranet.who.int/e-spar/ ).",IHR Capacity: Radionuclear emergencies,"From 2010 – 2017, States Parties used the IHR monitoring questionnaire. The report is available in the e-SPAR platform (https://extranet.who.int/e-spar/ ).",64
2013,"From 2010 – 2017, States Parties used the IHR monitoring questionnaire. The report is available in the e-SPAR platform (https://extranet.who.int/e-spar/ ).",IHR Capacity: Radionuclear emergencies,"From 2010 – 2017, States Parties used the IHR monitoring questionnaire. The report is available in the e-SPAR platform (https://extranet.who.int/e-spar/ ).",46
2017,"From 2010 – 2017, States Parties used the IHR monitoring questionnaire. The report is available in the e-SPAR platform (https://extranet.who.int/e-spar/ ).",IHR Capacity: Radionuclear emergencies,"From 2010 – 2017, States Parties used the IHR monitoring questionnaire. The report is available in the e-SPAR platform (https://extranet.who.int/e-spar/ ).",62
2018,"From 2010 – 2017, States Parties used the IHR monitoring questionnaire. The report is available in the e-SPAR platform (https://extranet.who.int/e-spar/ ).",State Party Annual Report: Legislation and Financing,"From 2010 – 2017, States Parties used the IHR monitoring questionnaire. The report is available in the e-SPAR platform (https://extranet.who.int/e-spar/ ).",20
2019,"From 2010 – 2017, States Parties used the IHR monitoring questionnaire. The report is available in the e-SPAR platform (https://extranet.who.int/e-spar/ ).",State Party Annual Report: Legislation and Financing,"From 2010 – 2017, States Parties used the IHR monitoring questionnaire. The report is available in the e-SPAR platform (https://extranet.who.int/e-spar/ ).",40
2020,"From 2010 – 2017, States Parties used the IHR monitoring questionnaire. The report is available in the e-SPAR platform (https://extranet.who.int/e-spar/ ).",State Party Annual Report: Legislation and Financing,"From 2010 – 2017, States Parties used the IHR monitoring questionnaire. The report is available in the e-SPAR platform (https://extranet.who.int/e-spar/ ).",40
2018,"From 2010 – 2017, States Parties used the IHR monitoring questionnaire. The report is available in the e-SPAR platform (https://extranet.who.int/e-spar/ ).",State Party Annual Report: IHR Coordination and National IHR Focal Point Functions ,"From 2010 – 2017, States Parties used the IHR monitoring questionnaire. The report is available in the e-SPAR platform (https://extranet.who.int/e-spar/ ).",20
2019,"From 2010 – 2017, States Parties used the IHR monitoring questionnaire. The report is available in the e-SPAR platform (https://extranet.who.int/e-spar/ ).",State Party Annual Report: IHR Coordination and National IHR Focal Point Functions ,"From 2010 – 2017, States Parties used the IHR monitoring questionnaire. The report is available in the e-SPAR platform (https://extranet.who.int/e-spar/ ).",20
2020,"From 2010 – 2017, States Parties used the IHR monitoring questionnaire. The report is available in the e-SPAR platform (https://extranet.who.int/e-spar/ ).",State Party Annual Report: IHR Coordination and National IHR Focal Point Functions ,"From 2010 – 2017, States Parties used the IHR monitoring questionnaire. The report is available in the e-SPAR platform (https://extranet.who.int/e-spar/ ).",40
2018,"From 2010 – 2017, States Parties used the IHR monitoring questionnaire. The report is available in the e-SPAR platform (https://extranet.who.int/e-spar/ ).",State Party Annual Report: Zoonotic events and the human–animal interface ,"From 2010 – 2017, States Parties used the IHR monitoring questionnaire. The report is available in the e-SPAR platform (https://extranet.who.int/e-spar/ ).",60
2019,"From 2010 – 2017, States Parties used the IHR monitoring questionnaire. The report is available in the e-SPAR platform (https://extranet.who.int/e-spar/ ).",State Party Annual Report: Zoonotic events and the human–animal interface ,"From 2010 – 2017, States Parties used the IHR monitoring questionnaire. The report is available in the e-SPAR platform (https://extranet.who.int/e-spar/ ).",60
2020,"From 2010 – 2017, States Parties used the IHR monitoring questionnaire. The report is available in the e-SPAR platform (https://extranet.who.int/e-spar/ ).",State Party Annual Report: Zoonotic events and the human–animal interface ,"From 2010 – 2017, States Parties used the IHR monitoring questionnaire. The report is available in the e-SPAR platform (https://extranet.who.int/e-spar/ ).",60
2018,"From 2010 – 2017, States Parties used the IHR monitoring questionnaire. The report is available in the e-SPAR platform (https://extranet.who.int/e-spar/ ).",State Party Annual Report: Food safety ,"From 2010 – 2017, States Parties used the IHR monitoring questionnaire. The report is available in the e-SPAR platform (https://extranet.who.int/e-spar/ ).",20
2019,"From 2010 – 2017, States Parties used the IHR monitoring questionnaire. The report is available in the e-SPAR platform (https://extranet.who.int/e-spar/ ).",State Party Annual Report: Food safety ,"From 2010 – 2017, States Parties used the IHR monitoring questionnaire. The report is available in the e-SPAR platform (https://extranet.who.int/e-spar/ ).",60
2020,"From 2010 – 2017, States Parties used the IHR monitoring questionnaire. The report is available in the e-SPAR platform (https://extranet.who.int/e-spar/ ).",State Party Annual Report: Food safety ,"From 2010 – 2017, States Parties used the IHR monitoring questionnaire. The report is available in the e-SPAR platform (https://extranet.who.int/e-spar/ ).",60
2018,"From 2010 – 2017, States Parties used the IHR monitoring questionnaire. The report is available in the e-SPAR platform (https://extranet.who.int/e-spar/ ).",State Party Annual Report: Laboratory ,"From 2010 – 2017, States Parties used the IHR monitoring questionnaire. The report is available in the e-SPAR platform (https://extranet.who.int/e-spar/ ).",53
2019,"From 2010 – 2017, States Parties used the IHR monitoring questionnaire. The report is available in the e-SPAR platform (https://extranet.who.int/e-spar/ ).",State Party Annual Report: Laboratory ,"From 2010 – 2017, States Parties used the IHR monitoring questionnaire. The report is available in the e-SPAR platform (https://extranet.who.int/e-spar/ ).",60
2020,"From 2010 – 2017, States Parties used the IHR monitoring questionnaire. The report is available in the e-SPAR platform (https://extranet.who.int/e-spar/ ).",State Party Annual Report: Laboratory ,"From 2010 – 2017, States Parties used the IHR monitoring questionnaire. The report is available in the e-SPAR platform (https://extranet.who.int/e-spar/ ).",60
2018,"From 2010 – 2017, States Parties used the IHR monitoring questionnaire. The report is available in the e-SPAR platform (https://extranet.who.int/e-spar/ ).",State Party Annual Report: Surveillance ,"From 2010 – 2017, States Parties used the IHR monitoring questionnaire. The report is available in the e-SPAR platform (https://extranet.who.int/e-spar/ ).",50
2019,"From 2010 – 2017, States Parties used the IHR monitoring questionnaire. The report is available in the e-SPAR platform (https://extranet.who.int/e-spar/ ).",State Party Annual Report: Surveillance ,"From 2010 – 2017, States Parties used the IHR monitoring questionnaire. The report is available in the e-SPAR platform (https://extranet.who.int/e-spar/ ).",50
2020,"From 2010 – 2017, States Parties used the IHR monitoring questionnaire. The report is available in the e-SPAR platform (https://extranet.who.int/e-spar/ ).",State Party Annual Report: Surveillance ,"From 2010 – 2017, States Parties used the IHR monitoring questionnaire. The report is available in the e-SPAR platform (https://extranet.who.int/e-spar/ ).",50
2018,"From 2010 – 2017, States Parties used the IHR monitoring questionnaire. The report is available in the e-SPAR platform (https://extranet.who.int/e-spar/ ).",State Party Annual Report: Human resources ,"From 2010 – 2017, States Parties used the IHR monitoring questionnaire. The report is available in the e-SPAR platform (https://extranet.who.int/e-spar/ ).",20
2019,"From 2010 – 2017, States Parties used the IHR monitoring questionnaire. The report is available in the e-SPAR platform (https://extranet.who.int/e-spar/ ).",State Party Annual Report: Human resources ,"From 2010 – 2017, States Parties used the IHR monitoring questionnaire. The report is available in the e-SPAR platform (https://extranet.who.int/e-spar/ ).",20
2020,"From 2010 – 2017, States Parties used the IHR monitoring questionnaire. The report is available in the e-SPAR platform (https://extranet.who.int/e-spar/ ).",State Party Annual Report: Human resources ,"From 2010 – 2017, States Parties used the IHR monitoring questionnaire. The report is available in the e-SPAR platform (https://extranet.who.int/e-spar/ ).",20
2018,"From 2010 – 2017, States Parties used the IHR monitoring questionnaire. The report is available in the e-SPAR platform (https://extranet.who.int/e-spar/ ).",State Party Annual Report: National Health Emergency Framework ,"From 2010 – 2017, States Parties used the IHR monitoring questionnaire. The report is available in the e-SPAR platform (https://extranet.who.int/e-spar/ ).",33
2019,"From 2010 – 2017, States Parties used the IHR monitoring questionnaire. The report is available in the e-SPAR platform (https://extranet.who.int/e-spar/ ).",State Party Annual Report: National Health Emergency Framework ,"From 2010 – 2017, States Parties used the IHR monitoring questionnaire. The report is available in the e-SPAR platform (https://extranet.who.int/e-spar/ ).",33
2020,"From 2010 – 2017, States Parties used the IHR monitoring questionnaire. The report is available in the e-SPAR platform (https://extranet.who.int/e-spar/ ).",State Party Annual Report: National Health Emergency Framework ,"From 2010 – 2017, States Parties used the IHR monitoring questionnaire. The report is available in the e-SPAR platform (https://extranet.who.int/e-spar/ ).",47
2018,"From 2010 – 2017, States Parties used the IHR monitoring questionnaire. The report is available in the e-SPAR platform (https://extranet.who.int/e-spar/ ).",State Party Annual Report: Health Service Provision ,"From 2010 – 2017, States Parties used the IHR monitoring questionnaire. The report is available in the e-SPAR platform (https://extranet.who.int/e-spar/ ).",33
2019,"From 2010 – 2017, States Parties used the IHR monitoring questionnaire. The report is available in the e-SPAR platform (https://extranet.who.int/e-spar/ ).",State Party Annual Report: Health Service Provision ,"From 2010 – 2017, States Parties used the IHR monitoring questionnaire. The report is available in the e-SPAR platform (https://extranet.who.int/e-spar/ ).",40
2020,"From 2010 – 2017, States Parties used the IHR monitoring questionnaire. The report is available in the e-SPAR platform (https://extranet.who.int/e-spar/ ).",State Party Annual Report: Health Service Provision ,"From 2010 – 2017, States Parties used the IHR monitoring questionnaire. The report is available in the e-SPAR platform (https://extranet.who.int/e-spar/ ).",40
2018,"From 2010 – 2017, States Parties used the IHR monitoring questionnaire. The report is available in the e-SPAR platform (https://extranet.who.int/e-spar/ ).",State Party Annual Report: Risk Communication ,"From 2010 – 2017, States Parties used the IHR monitoring questionnaire. The report is available in the e-SPAR platform (https://extranet.who.int/e-spar/ ).",20
2019,"From 2010 – 2017, States Parties used the IHR monitoring questionnaire. The report is available in the e-SPAR platform (https://extranet.who.int/e-spar/ ).",State Party Annual Report: Risk Communication ,"From 2010 – 2017, States Parties used the IHR monitoring questionnaire. The report is available in the e-SPAR platform (https://extranet.who.int/e-spar/ ).",40
2020,"From 2010 – 2017, States Parties used the IHR monitoring questionnaire. The report is available in the e-SPAR platform (https://extranet.who.int/e-spar/ ).",State Party Annual Report: Risk Communication ,"From 2010 – 2017, States Parties used the IHR monitoring questionnaire. The report is available in the e-SPAR platform (https://extranet.who.int/e-spar/ ).",60
2018,"From 2010 – 2017, States Parties used the IHR monitoring questionnaire. The report is available in the e-SPAR platform (https://extranet.who.int/e-spar/ ).",State Party Annual Report: Points of entry ,"From 2010 – 2017, States Parties used the IHR monitoring questionnaire. The report is available in the e-SPAR platform (https://extranet.who.int/e-spar/ ).",40
2019,"From 2010 – 2017, States Parties used the IHR monitoring questionnaire. The report is available in the e-SPAR platform (https://extranet.who.int/e-spar/ ).",State Party Annual Report: Points of entry ,"From 2010 – 2017, States Parties used the IHR monitoring questionnaire. The report is available in the e-SPAR platform (https://extranet.who.int/e-spar/ ).",50
2020,"From 2010 – 2017, States Parties used the IHR monitoring questionnaire. The report is available in the e-SPAR platform (https://extranet.who.int/e-spar/ ).",State Party Annual Report: Points of entry ,"From 2010 – 2017, States Parties used the IHR monitoring questionnaire. The report is available in the e-SPAR platform (https://extranet.who.int/e-spar/ ).",40
2018,"From 2010 – 2017, States Parties used the IHR monitoring questionnaire. The report is available in the e-SPAR platform (https://extranet.who.int/e-spar/ ).",State Party Annual Report: Chemical events ,"From 2010 – 2017, States Parties used the IHR monitoring questionnaire. The report is available in the e-SPAR platform (https://extranet.who.int/e-spar/ ).",40
2019,"From 2010 – 2017, States Parties used the IHR monitoring questionnaire. The report is available in the e-SPAR platform (https://extranet.who.int/e-spar/ ).",State Party Annual Report: Chemical events ,"From 2010 – 2017, States Parties used the IHR monitoring questionnaire. The report is available in the e-SPAR platform (https://extranet.who.int/e-spar/ ).",40
2020,"From 2010 – 2017, States Parties used the IHR monitoring questionnaire. The report is available in the e-SPAR platform (https://extranet.who.int/e-spar/ ).",State Party Annual Report: Chemical events ,"From 2010 – 2017, States Parties used the IHR monitoring questionnaire. The report is available in the e-SPAR platform (https://extranet.who.int/e-spar/ ).",40
2018,"From 2010 – 2017, States Parties used the IHR monitoring questionnaire. The report is available in the e-SPAR platform (https://extranet.who.int/e-spar/ ).",State Party Annual Report: Radiation emergencies ,"From 2010 – 2017, States Parties used the IHR monitoring questionnaire. The report is available in the e-SPAR platform (https://extranet.who.int/e-spar/ ).",40
2019,"From 2010 – 2017, States Parties used the IHR monitoring questionnaire. The report is available in the e-SPAR platform (https://extranet.who.int/e-spar/ ).",State Party Annual Report: Radiation emergencies ,"From 2010 – 2017, States Parties used the IHR monitoring questionnaire. The report is available in the e-SPAR platform (https://extranet.who.int/e-spar/ ).",20
2020,"From 2010 – 2017, States Parties used the IHR monitoring questionnaire. The report is available in the e-SPAR platform (https://extranet.who.int/e-spar/ ).",State Party Annual Report: Radiation emergencies ,"From 2010 – 2017, States Parties used the IHR monitoring questionnaire. The report is available in the e-SPAR platform (https://extranet.who.int/e-spar/ ).",20
2021,"In 2021, the SPAR tool was revised and further improved, taking account of the initial experience of countries with the COVID-19 pandemic. The second edition of SPAR (2021) contains 15 capacities and 35 indicators compared to 13 capacities and 24 indicators in the first edition.","State Party Annual Report 2: Policy, Legal and normative Instruments to implement IHR","In 2021, the SPAR tool was revised and further improved, taking account of the initial experience of countries with the COVID-19 pandemic. The second edition of SPAR (2021) contains 15 capacities and 35 indicators compared to 13 capacities and 24 indicators in the first edition.",50
2022,"In 2021, the SPAR tool was revised and further improved, taking account of the initial experience of countries with the COVID-19 pandemic. The second edition of SPAR (2021) contains 15 capacities and 35 indicators compared to 13 capacities and 24 indicators in the first edition.","State Party Annual Report 2: Policy, Legal and normative Instruments to implement IHR","In 2021, the SPAR tool was revised and further improved, taking account of the initial experience of countries with the COVID-19 pandemic. The second edition of SPAR (2021) contains 15 capacities and 35 indicators compared to 13 capacities and 24 indicators in the first edition.",20
2023,"In 2021, the SPAR tool was revised and further improved, taking account of the initial experience of countries with the COVID-19 pandemic. The second edition of SPAR (2021) contains 15 capacities and 35 indicators compared to 13 capacities and 24 indicators in the first edition.","State Party Annual Report 2: Policy, Legal and normative Instruments to implement IHR","In 2021, the SPAR tool was revised and further improved, taking account of the initial experience of countries with the COVID-19 pandemic. The second edition of SPAR (2021) contains 15 capacities and 35 indicators compared to 13 capacities and 24 indicators in the first edition.",60
2021,"In 2021, the SPAR tool was revised and further improved, taking account of the initial experience of countries with the COVID-19 pandemic. The second edition of SPAR (2021) contains 15 capacities and 35 indicators compared to 13 capacities and 24 indicators in the first edition.","State Party Annual Report 2: IHR Coordination, National IHR Focal Point functions and advocacy","In 2021, the SPAR tool was revised and further improved, taking account of the initial experience of countries with the COVID-19 pandemic. The second edition of SPAR (2021) contains 15 capacities and 35 indicators compared to 13 capacities and 24 indicators in the first edition.",53
2022,"In 2021, the SPAR tool was revised and further improved, taking account of the initial experience of countries with the COVID-19 pandemic. The second edition of SPAR (2021) contains 15 capacities and 35 indicators compared to 13 capacities and 24 indicators in the first edition.","State Party Annual Report 2: IHR Coordination, National IHR Focal Point functions and advocacy","In 2021, the SPAR tool was revised and further improved, taking account of the initial experience of countries with the COVID-19 pandemic. The second edition of SPAR (2021) contains 15 capacities and 35 indicators compared to 13 capacities and 24 indicators in the first edition.",33
2023,"In 2021, the SPAR tool was revised and further improved, taking account of the initial experience of countries with the COVID-19 pandemic. The second edition of SPAR (2021) contains 15 capacities and 35 indicators compared to 13 capacities and 24 indicators in the first edition.","State Party Annual Report 2: IHR Coordination, National IHR Focal Point functions and advocacy","In 2021, the SPAR tool was revised and further improved, taking account of the initial experience of countries with the COVID-19 pandemic. The second edition of SPAR (2021) contains 15 capacities and 35 indicators compared to 13 capacities and 24 indicators in the first edition.",47
2021,"In 2021, the SPAR tool was revised and further improved, taking account of the initial experience of countries with the COVID-19 pandemic. The second edition of SPAR (2021) contains 15 capacities and 35 indicators compared to 13 capacities and 24 indicators in the first edition.",State Party Annual Report 2: Financing,"In 2021, the SPAR tool was revised and further improved, taking account of the initial experience of countries with the COVID-19 pandemic. The second edition of SPAR (2021) contains 15 capacities and 35 indicators compared to 13 capacities and 24 indicators in the first edition.",50
2022,"In 2021, the SPAR tool was revised and further improved, taking account of the initial experience of countries with the COVID-19 pandemic. The second edition of SPAR (2021) contains 15 capacities and 35 indicators compared to 13 capacities and 24 indicators in the first edition.",State Party Annual Report 2: Financing,"In 2021, the SPAR tool was revised and further improved, taking account of the initial experience of countries with the COVID-19 pandemic. The second edition of SPAR (2021) contains 15 capacities and 35 indicators compared to 13 capacities and 24 indicators in the first edition.",30
2023,"In 2021, the SPAR tool was revised and further improved, taking account of the initial experience of countries with the COVID-19 pandemic. The second edition of SPAR (2021) contains 15 capacities and 35 indicators compared to 13 capacities and 24 indicators in the first edition.",State Party Annual Report 2: Financing,"In 2021, the SPAR tool was revised and further improved, taking account of the initial experience of countries with the COVID-19 pandemic. The second edition of SPAR (2021) contains 15 capacities and 35 indicators compared to 13 capacities and 24 indicators in the first edition.",60
2021,"In 2021, the SPAR tool was revised and further improved, taking account of the initial experience of countries with the COVID-19 pandemic. The second edition of SPAR (2021) contains 15 capacities and 35 indicators compared to 13 capacities and 24 indicators in the first edition.",State Party Annual Report 2: Laboratory,"In 2021, the SPAR tool was revised and further improved, taking account of the initial experience of countries with the COVID-19 pandemic. The second edition of SPAR (2021) contains 15 capacities and 35 indicators compared to 13 capacities and 24 indicators in the first edition.",64
2022,"In 2021, the SPAR tool was revised and further improved, taking account of the initial experience of countries with the COVID-19 pandemic. The second edition of SPAR (2021) contains 15 capacities and 35 indicators compared to 13 capacities and 24 indicators in the first edition.",State Party Annual Report 2: Laboratory,"In 2021, the SPAR tool was revised and further improved, taking account of the initial experience of countries with the COVID-19 pandemic. The second edition of SPAR (2021) contains 15 capacities and 35 indicators compared to 13 capacities and 24 indicators in the first edition.",68
2023,"In 2021, the SPAR tool was revised and further improved, taking account of the initial experience of countries with the COVID-19 pandemic. The second edition of SPAR (2021) contains 15 capacities and 35 indicators compared to 13 capacities and 24 indicators in the first edition.",State Party Annual Report 2: Laboratory,"In 2021, the SPAR tool was revised and further improved, taking account of the initial experience of countries with the COVID-19 pandemic. The second edition of SPAR (2021) contains 15 capacities and 35 indicators compared to 13 capacities and 24 indicators in the first edition.",68
2021,"In 2021, the SPAR tool was revised and further improved, taking account of the initial experience of countries with the COVID-19 pandemic. The second edition of SPAR (2021) contains 15 capacities and 35 indicators compared to 13 capacities and 24 indicators in the first edition.",State Party Annual Report 2: Surveillance,"In 2021, the SPAR tool was revised and further improved, taking account of the initial experience of countries with the COVID-19 pandemic. The second edition of SPAR (2021) contains 15 capacities and 35 indicators compared to 13 capacities and 24 indicators in the first edition.",80
2022,"In 2021, the SPAR tool was revised and further improved, taking account of the initial experience of countries with the COVID-19 pandemic. The second edition of SPAR (2021) contains 15 capacities and 35 indicators compared to 13 capacities and 24 indicators in the first edition.",State Party Annual Report 2: Surveillance,"In 2021, the SPAR tool was revised and further improved, taking account of the initial experience of countries with the COVID-19 pandemic. The second edition of SPAR (2021) contains 15 capacities and 35 indicators compared to 13 capacities and 24 indicators in the first edition.",80
2023,"In 2021, the SPAR tool was revised and further improved, taking account of the initial experience of countries with the COVID-19 pandemic. The second edition of SPAR (2021) contains 15 capacities and 35 indicators compared to 13 capacities and 24 indicators in the first edition.",State Party Annual Report 2: Surveillance,"In 2021, the SPAR tool was revised and further improved, taking account of the initial experience of countries with the COVID-19 pandemic. The second edition of SPAR (2021) contains 15 capacities and 35 indicators compared to 13 capacities and 24 indicators in the first edition.",80
2021,"In 2021, the SPAR tool was revised and further improved, taking account of the initial experience of countries with the COVID-19 pandemic. The second edition of SPAR (2021) contains 15 capacities and 35 indicators compared to 13 capacities and 24 indicators in the first edition.",State Party Annual Report 2: Human resources,"In 2021, the SPAR tool was revised and further improved, taking account of the initial experience of countries with the COVID-19 pandemic. The second edition of SPAR (2021) contains 15 capacities and 35 indicators compared to 13 capacities and 24 indicators in the first edition.",50
2022,"In 2021, the SPAR tool was revised and further improved, taking account of the initial experience of countries with the COVID-19 pandemic. The second edition of SPAR (2021) contains 15 capacities and 35 indicators compared to 13 capacities and 24 indicators in the first edition.",State Party Annual Report 2: Human resources,"In 2021, the SPAR tool was revised and further improved, taking account of the initial experience of countries with the COVID-19 pandemic. The second edition of SPAR (2021) contains 15 capacities and 35 indicators compared to 13 capacities and 24 indicators in the first edition.",30
2023,"In 2021, the SPAR tool was revised and further improved, taking account of the initial experience of countries with the COVID-19 pandemic. The second edition of SPAR (2021) contains 15 capacities and 35 indicators compared to 13 capacities and 24 indicators in the first edition.",State Party Annual Report 2: Human resources,"In 2021, the SPAR tool was revised and further improved, taking account of the initial experience of countries with the COVID-19 pandemic. The second edition of SPAR (2021) contains 15 capacities and 35 indicators compared to 13 capacities and 24 indicators in the first edition.",40
2021,"In 2021, the SPAR tool was revised and further improved, taking account of the initial experience of countries with the COVID-19 pandemic. The second edition of SPAR (2021) contains 15 capacities and 35 indicators compared to 13 capacities and 24 indicators in the first edition.",State Party Annual Report 2: Health emergency management,"In 2021, the SPAR tool was revised and further improved, taking account of the initial experience of countries with the COVID-19 pandemic. The second edition of SPAR (2021) contains 15 capacities and 35 indicators compared to 13 capacities and 24 indicators in the first edition.",53
2022,"In 2021, the SPAR tool was revised and further improved, taking account of the initial experience of countries with the COVID-19 pandemic. The second edition of SPAR (2021) contains 15 capacities and 35 indicators compared to 13 capacities and 24 indicators in the first edition.",State Party Annual Report 2: Health emergency management,"In 2021, the SPAR tool was revised and further improved, taking account of the initial experience of countries with the COVID-19 pandemic. The second edition of SPAR (2021) contains 15 capacities and 35 indicators compared to 13 capacities and 24 indicators in the first edition.",47
2023,"In 2021, the SPAR tool was revised and further improved, taking account of the initial experience of countries with the COVID-19 pandemic. The second edition of SPAR (2021) contains 15 capacities and 35 indicators compared to 13 capacities and 24 indicators in the first edition.",State Party Annual Report 2: Health emergency management,"In 2021, the SPAR tool was revised and further improved, taking account of the initial experience of countries with the COVID-19 pandemic. The second edition of SPAR (2021) contains 15 capacities and 35 indicators compared to 13 capacities and 24 indicators in the first edition.",47
2021,"In 2021, the SPAR tool was revised and further improved, taking account of the initial experience of countries with the COVID-19 pandemic. The second edition of SPAR (2021) contains 15 capacities and 35 indicators compared to 13 capacities and 24 indicators in the first edition.",State Party Annual Report 2: Health services provision,"In 2021, the SPAR tool was revised and further improved, taking account of the initial experience of countries with the COVID-19 pandemic. The second edition of SPAR (2021) contains 15 capacities and 35 indicators compared to 13 capacities and 24 indicators in the first edition.",73
2022,"In 2021, the SPAR tool was revised and further improved, taking account of the initial experience of countries with the COVID-19 pandemic. The second edition of SPAR (2021) contains 15 capacities and 35 indicators compared to 13 capacities and 24 indicators in the first edition.",State Party Annual Report 2: Health services provision,"In 2021, the SPAR tool was revised and further improved, taking account of the initial experience of countries with the COVID-19 pandemic. The second edition of SPAR (2021) contains 15 capacities and 35 indicators compared to 13 capacities and 24 indicators in the first edition.",47
2023,"In 2021, the SPAR tool was revised and further improved, taking account of the initial experience of countries with the COVID-19 pandemic. The second edition of SPAR (2021) contains 15 capacities and 35 indicators compared to 13 capacities and 24 indicators in the first edition.",State Party Annual Report 2: Health services provision,"In 2021, the SPAR tool was revised and further improved, taking account of the initial experience of countries with the COVID-19 pandemic. The second edition of SPAR (2021) contains 15 capacities and 35 indicators compared to 13 capacities and 24 indicators in the first edition.",53
2021,"In 2021, the SPAR tool was revised and further improved, taking account of the initial experience of countries with the COVID-19 pandemic. The second edition of SPAR (2021) contains 15 capacities and 35 indicators compared to 13 capacities and 24 indicators in the first edition.",State Party Annual Report 2: Infection prevention and control (IPC),"In 2021, the SPAR tool was revised and further improved, taking account of the initial experience of countries with the COVID-19 pandemic. The second edition of SPAR (2021) contains 15 capacities and 35 indicators compared to 13 capacities and 24 indicators in the first edition.",73
2022,"In 2021, the SPAR tool was revised and further improved, taking account of the initial experience of countries with the COVID-19 pandemic. The second edition of SPAR (2021) contains 15 capacities and 35 indicators compared to 13 capacities and 24 indicators in the first edition.",State Party Annual Report 2: Infection prevention and control (IPC),"In 2021, the SPAR tool was revised and further improved, taking account of the initial experience of countries with the COVID-19 pandemic. The second edition of SPAR (2021) contains 15 capacities and 35 indicators compared to 13 capacities and 24 indicators in the first edition.",60
2023,"In 2021, the SPAR tool was revised and further improved, taking account of the initial experience of countries with the COVID-19 pandemic. The second edition of SPAR (2021) contains 15 capacities and 35 indicators compared to 13 capacities and 24 indicators in the first edition.",State Party Annual Report 2: Infection prevention and control (IPC),"In 2021, the SPAR tool was revised and further improved, taking account of the initial experience of countries with the COVID-19 pandemic. The second edition of SPAR (2021) contains 15 capacities and 35 indicators compared to 13 capacities and 24 indicators in the first edition.",60
2021,"In 2021, the SPAR tool was revised and further improved, taking account of the initial experience of countries with the COVID-19 pandemic. The second edition of SPAR (2021) contains 15 capacities and 35 indicators compared to 13 capacities and 24 indicators in the first edition.",State Party Annual Report 2: Risk communication and community engagement (RCCE),"In 2021, the SPAR tool was revised and further improved, taking account of the initial experience of countries with the COVID-19 pandemic. The second edition of SPAR (2021) contains 15 capacities and 35 indicators compared to 13 capacities and 24 indicators in the first edition.",73
2022,"In 2021, the SPAR tool was revised and further improved, taking account of the initial experience of countries with the COVID-19 pandemic. The second edition of SPAR (2021) contains 15 capacities and 35 indicators compared to 13 capacities and 24 indicators in the first edition.",State Party Annual Report 2: Risk communication and community engagement (RCCE),"In 2021, the SPAR tool was revised and further improved, taking account of the initial experience of countries with the COVID-19 pandemic. The second edition of SPAR (2021) contains 15 capacities and 35 indicators compared to 13 capacities and 24 indicators in the first edition.",60
2023,"In 2021, the SPAR tool was revised and further improved, taking account of the initial experience of countries with the COVID-19 pandemic. The second edition of SPAR (2021) contains 15 capacities and 35 indicators compared to 13 capacities and 24 indicators in the first edition.",State Party Annual Report 2: Risk communication and community engagement (RCCE),"In 2021, the SPAR tool was revised and further improved, taking account of the initial experience of countries with the COVID-19 pandemic. The second edition of SPAR (2021) contains 15 capacities and 35 indicators compared to 13 capacities and 24 indicators in the first edition.",67
2021,"In 2021, the SPAR tool was revised and further improved, taking account of the initial experience of countries with the COVID-19 pandemic. The second edition of SPAR (2021) contains 15 capacities and 35 indicators compared to 13 capacities and 24 indicators in the first edition.",State Party Annual Report 2: Points of entry (PoEs) and border health,"In 2021, the SPAR tool was revised and further improved, taking account of the initial experience of countries with the COVID-19 pandemic. The second edition of SPAR (2021) contains 15 capacities and 35 indicators compared to 13 capacities and 24 indicators in the first edition.",40
2022,"In 2021, the SPAR tool was revised and further improved, taking account of the initial experience of countries with the COVID-19 pandemic. The second edition of SPAR (2021) contains 15 capacities and 35 indicators compared to 13 capacities and 24 indicators in the first edition.",State Party Annual Report 2: Points of entry (PoEs) and border health,"In 2021, the SPAR tool was revised and further improved, taking account of the initial experience of countries with the COVID-19 pandemic. The second edition of SPAR (2021) contains 15 capacities and 35 indicators compared to 13 capacities and 24 indicators in the first edition.",20
2023,"In 2021, the SPAR tool was revised and further improved, taking account of the initial experience of countries with the COVID-19 pandemic. The second edition of SPAR (2021) contains 15 capacities and 35 indicators compared to 13 capacities and 24 indicators in the first edition.",State Party Annual Report 2: Points of entry (PoEs) and border health,"In 2021, the SPAR tool was revised and further improved, taking account of the initial experience of countries with the COVID-19 pandemic. The second edition of SPAR (2021) contains 15 capacities and 35 indicators compared to 13 capacities and 24 indicators in the first edition.",27
2021,"In 2021, the SPAR tool was revised and further improved, taking account of the initial experience of countries with the COVID-19 pandemic. The second edition of SPAR (2021) contains 15 capacities and 35 indicators compared to 13 capacities and 24 indicators in the first edition.",State Party Annual Report 2: Zoonotic diseases,"In 2021, the SPAR tool was revised and further improved, taking account of the initial experience of countries with the COVID-19 pandemic. The second edition of SPAR (2021) contains 15 capacities and 35 indicators compared to 13 capacities and 24 indicators in the first edition.",80
2022,"In 2021, the SPAR tool was revised and further improved, taking account of the initial experience of countries with the COVID-19 pandemic. The second edition of SPAR (2021) contains 15 capacities and 35 indicators compared to 13 capacities and 24 indicators in the first edition.",State Party Annual Report 2: Zoonotic diseases,"In 2021, the SPAR tool was revised and further improved, taking account of the initial experience of countries with the COVID-19 pandemic. The second edition of SPAR (2021) contains 15 capacities and 35 indicators compared to 13 capacities and 24 indicators in the first edition.",60
2023,"In 2021, the SPAR tool was revised and further improved, taking account of the initial experience of countries with the COVID-19 pandemic. The second edition of SPAR (2021) contains 15 capacities and 35 indicators compared to 13 capacities and 24 indicators in the first edition.",State Party Annual Report 2: Zoonotic diseases,"In 2021, the SPAR tool was revised and further improved, taking account of the initial experience of countries with the COVID-19 pandemic. The second edition of SPAR (2021) contains 15 capacities and 35 indicators compared to 13 capacities and 24 indicators in the first edition.",60
2021,"In 2021, the SPAR tool was revised and further improved, taking account of the initial experience of countries with the COVID-19 pandemic. The second edition of SPAR (2021) contains 15 capacities and 35 indicators compared to 13 capacities and 24 indicators in the first edition.",State Party Annual Report 2: Food safety,"In 2021, the SPAR tool was revised and further improved, taking account of the initial experience of countries with the COVID-19 pandemic. The second edition of SPAR (2021) contains 15 capacities and 35 indicators compared to 13 capacities and 24 indicators in the first edition.",60
2022,"In 2021, the SPAR tool was revised and further improved, taking account of the initial experience of countries with the COVID-19 pandemic. The second edition of SPAR (2021) contains 15 capacities and 35 indicators compared to 13 capacities and 24 indicators in the first edition.",State Party Annual Report 2: Food safety,"In 2021, the SPAR tool was revised and further improved, taking account of the initial experience of countries with the COVID-19 pandemic. The second edition of SPAR (2021) contains 15 capacities and 35 indicators compared to 13 capacities and 24 indicators in the first edition.",40
2023,"In 2021, the SPAR tool was revised and further improved, taking account of the initial experience of countries with the COVID-19 pandemic. The second edition of SPAR (2021) contains 15 capacities and 35 indicators compared to 13 capacities and 24 indicators in the first edition.",State Party Annual Report 2: Food safety,"In 2021, the SPAR tool was revised and further improved, taking account of the initial experience of countries with the COVID-19 pandemic. The second edition of SPAR (2021) contains 15 capacities and 35 indicators compared to 13 capacities and 24 indicators in the first edition.",40
2021,"In 2021, the SPAR tool was revised and further improved, taking account of the initial experience of countries with the COVID-19 pandemic. The second edition of SPAR (2021) contains 15 capacities and 35 indicators compared to 13 capacities and 24 indicators in the first edition.",State Party Annual Report 2: Chemical events,"In 2021, the SPAR tool was revised and further improved, taking account of the initial experience of countries with the COVID-19 pandemic. The second edition of SPAR (2021) contains 15 capacities and 35 indicators compared to 13 capacities and 24 indicators in the first edition.",40
2022,"In 2021, the SPAR tool was revised and further improved, taking account of the initial experience of countries with the COVID-19 pandemic. The second edition of SPAR (2021) contains 15 capacities and 35 indicators compared to 13 capacities and 24 indicators in the first edition.",State Party Annual Report 2: Chemical events,"In 2021, the SPAR tool was revised and further improved, taking account of the initial experience of countries with the COVID-19 pandemic. The second edition of SPAR (2021) contains 15 capacities and 35 indicators compared to 13 capacities and 24 indicators in the first edition.",40
2023,"In 2021, the SPAR tool was revised and further improved, taking account of the initial experience of countries with the COVID-19 pandemic. The second edition of SPAR (2021) contains 15 capacities and 35 indicators compared to 13 capacities and 24 indicators in the first edition.",State Party Annual Report 2: Chemical events,"In 2021, the SPAR tool was revised and further improved, taking account of the initial experience of countries with the COVID-19 pandemic. The second edition of SPAR (2021) contains 15 capacities and 35 indicators compared to 13 capacities and 24 indicators in the first edition.",40
2021,"In 2021, the SPAR tool was revised and further improved, taking account of the initial experience of countries with the COVID-19 pandemic. The second edition of SPAR (2021) contains 15 capacities and 35 indicators compared to 13 capacities and 24 indicators in the first edition.",State Party Annual Report 2: Radiation emergencies,"In 2021, the SPAR tool was revised and further improved, taking account of the initial experience of countries with the COVID-19 pandemic. The second edition of SPAR (2021) contains 15 capacities and 35 indicators compared to 13 capacities and 24 indicators in the first edition.",20
2022,"In 2021, the SPAR tool was revised and further improved, taking account of the initial experience of countries with the COVID-19 pandemic. The second edition of SPAR (2021) contains 15 capacities and 35 indicators compared to 13 capacities and 24 indicators in the first edition.",State Party Annual Report 2: Radiation emergencies,"In 2021, the SPAR tool was revised and further improved, taking account of the initial experience of countries with the COVID-19 pandemic. The second edition of SPAR (2021) contains 15 capacities and 35 indicators compared to 13 capacities and 24 indicators in the first edition.",40
2023,"In 2021, the SPAR tool was revised and further improved, taking account of the initial experience of countries with the COVID-19 pandemic. The second edition of SPAR (2021) contains 15 capacities and 35 indicators compared to 13 capacities and 24 indicators in the first edition.",State Party Annual Report 2: Radiation emergencies,"In 2021, the SPAR tool was revised and further improved, taking account of the initial experience of countries with the COVID-19 pandemic. The second edition of SPAR (2021) contains 15 capacities and 35 indicators compared to 13 capacities and 24 indicators in the first edition.",60
